<?xml version="1.0"?>
<doc>
    <assembly>
        <name>EntityFramework.Relational.Design</name>
    </assembly>
    <members>
        <member name="M:Microsoft.Data.Entity.Scaffolding.Internal.CodeWriter.GetReadOnlyFilePaths(System.String,System.String,System.Collections.Generic.IEnumerable{Microsoft.Data.Entity.Metadata.IEntityType})">
            <summary>
            Returns a list of the files which would be output by this class but
            which currently exist and would not be able to be overwritten due to
            being read-only.
            </summary>
            <param name="outputPath"> directory where the files are to be output </param>
            <param name="dbContextClassName"> name of the <see cref="T:Microsoft.Data.Entity.DbContext" /> class </param>
            <param name="entityTypes"> a list of the <see cref="T:Microsoft.Data.Entity.Metadata.IEntityType" /> classes to be output </param>
            <returns> A list of paths to the output files which currently exist and are read-only </returns>
        </member>
        <member name="T:Microsoft.Data.Entity.Scaffolding.Internal.IFileService">
            <summary>
                Abstraction for outputting a 'file'. Normally this will be outputting a file to disk
                but this allows for other implementations which e.g. just output to memory.
            </summary>
        </member>
        <member name="M:Microsoft.Data.Entity.Scaffolding.Internal.IFileService.IsFileReadOnly(System.String,System.String)">
            <summary>
                Checks whether 'file' is read-only. Absence of the 'file' is interpreted as readable.
            </summary>
        </member>
        <member name="M:Microsoft.Data.Entity.Scaffolding.Internal.IFileService.OutputFile(System.String,System.String,System.String)">
            <summary>
                Creates, if necessary, a directory with the specified name. Creates, if necessary,
                a 'file' located within the given directory and with the given name.
                Ensures that the contents of the 'file' contain the given contents (overwriting if necessary).
            </summary>
            <returns>the full path of the output 'file'</returns>
        </member>
        <member name="M:Microsoft.Data.Entity.Internal.RelationalDesignStrings.CannotFindTypeMappingForColumn(System.Object,System.Object)">
            <summary>
            Could not find type mapping for column '{columnName}' with data type '{dateType}'. Skipping column.
            </summary>
        </member>
        <member name="P:Microsoft.Data.Entity.Internal.RelationalDesignStrings.ConnectionStringRequired">
            <summary>
            ConnectionString is required to generate code.
            </summary>
        </member>
        <member name="M:Microsoft.Data.Entity.Internal.RelationalDesignStrings.ContextClassNotValidCSharpIdentifier(System.Object)">
            <summary>
            The context class name passed in, {contextClassName}, is not a valid C# identifier.
            </summary>
        </member>
        <member name="M:Microsoft.Data.Entity.Internal.RelationalDesignStrings.ErrorRunningDbContextTemplate(System.Object)">
            <summary>
            There was an error running the DbContext template. Message: {errorMessage}
            </summary>
        </member>
        <member name="M:Microsoft.Data.Entity.Internal.RelationalDesignStrings.ErrorRunningEntityTypeTemplate(System.Object)">
            <summary>
            There was an error running the EntityType template. Message: {errorMessage}
            </summary>
        </member>
        <member name="M:Microsoft.Data.Entity.Internal.RelationalDesignStrings.ForeignKeyScaffoldErrorPrincipalKeyNotFound(System.Object,System.Object,System.Object)">
            <summary>
            Could not scaffold the foreign key '{foreignKeyName}'. A key for '{columnsList}' was not found in the principal entity type '{principalEntityType}'.
            </summary>
        </member>
        <member name="M:Microsoft.Data.Entity.Internal.RelationalDesignStrings.ForeignKeyScaffoldErrorPrincipalTableNotFound(System.Object)">
            <summary>
            Could not scaffold the foreign key '{foreignKeyName}'. The referenced table could not be found. This most likely occurred because the referenced table was excluded from scaffolding.
            </summary>
        </member>
        <member name="M:Microsoft.Data.Entity.Internal.RelationalDesignStrings.ForeignKeyScaffoldErrorPrincipalTableScaffoldingError(System.Object,System.Object)">
            <summary>
            Could not scaffold the foreign key '{foreignKeyName}'. The referenced table '{principalTableName}' could not be scaffolded.
            </summary>
        </member>
        <member name="M:Microsoft.Data.Entity.Internal.RelationalDesignStrings.ForeignKeyScaffoldErrorPropertyNotFound(System.Object)">
            <summary>
            Could not scaffold the foreign key '{foreignKeyName}'.  Some columns in the foreign key could not be scaffolded.
            </summary>
        </member>
        <member name="M:Microsoft.Data.Entity.Internal.RelationalDesignStrings.PrimaryKeyErrorPropertyNotFound(System.Object)">
            <summary>
            Could not scaffold the primary key for '{tableName}'. Some columns in the primary key could not be scaffolded.
            </summary>
        </member>
        <member name="M:Microsoft.Data.Entity.Internal.RelationalDesignStrings.MissingPrimaryKey(System.Object)">
            <summary>
            Unable to identify the primary key for table '{tableName}'.
            </summary>
        </member>
        <member name="P:Microsoft.Data.Entity.Internal.RelationalDesignStrings.ProjectPathRequired">
            <summary>
            ProjectPath is required to generate code.
            </summary>
        </member>
        <member name="P:Microsoft.Data.Entity.Internal.RelationalDesignStrings.ProviderRequired">
            <summary>
            Provider is required to generate code.
            </summary>
        </member>
        <member name="M:Microsoft.Data.Entity.Internal.RelationalDesignStrings.ProviderReturnedNullModel(System.Object,System.Object)">
            <summary>
            Metadata model returned should not be null. Provider: {providerTypeName} , connection string: {connectionString}.
            </summary>
        </member>
        <member name="M:Microsoft.Data.Entity.Internal.RelationalDesignStrings.ReadOnlyFiles(System.Object,System.Object)">
            <summary>
            No files generated in directory {outputDirectoryName}. The following file(s) already exist and must be made writeable to continue: {readOnlyFiles}.
            </summary>
        </member>
        <member name="P:Microsoft.Data.Entity.Internal.RelationalDesignStrings.RootNamespaceRequired">
            <summary>
            Root namespace of the project is required to generate code.
            </summary>
        </member>
        <member name="M:Microsoft.Data.Entity.Internal.RelationalDesignStrings.TemplateProcessingFailed(System.Object)">
            <summary>
            Template Processing Failed: {errorMessages}
            </summary>
        </member>
        <member name="M:Microsoft.Data.Entity.Internal.RelationalDesignStrings.UnableToAddNavigationProperty(System.Object)">
            <summary>
            Unable to add a Navigation Property referencing type {referencedEntityTypeName} because of errors generating that EntityType.
            </summary>
        </member>
        <member name="M:Microsoft.Data.Entity.Internal.RelationalDesignStrings.UnableToCreateMetadataReference(System.Object)">
            <summary>
            Unable to create metadata reference from name {metadataReferenceName}.
            </summary>
        </member>
        <member name="M:Microsoft.Data.Entity.Internal.RelationalDesignStrings.UnableToGenerateEntityType(System.Object)">
            <summary>
            Unable to generate entity type for table '{tableName}'.
            </summary>
        </member>
        <member name="M:Microsoft.Data.Entity.Internal.RelationalDesignStrings.UnableToScaffoldIndex(System.Object)">
            <summary>
            Unable to scaffold the index '{indexName}' because one of the properties it contains could not be scaffolded.
            </summary>
        </member>
        <member name="P:Microsoft.Data.Entity.Internal.RelationalDesignStrings.MissingUseProviderMethodNameAnnotation">
            <summary>
            Cannot scaffold the connection string. The "UseProviderMethodName" is missing from the scaffolding model.
            </summary>
        </member>
    </members>
</doc>
