<?xml version="1.0"?>
<doc>
    <assembly>
        <name>EntityFramework7.Npgsql</name>
    </assembly>
    <members>
        <member name="P:Microsoft.Data.Entity.Metadata.NpgsqlIndexAnnotations.Method">
            <summary>
            The PostgreSQL index method to be used. Null selects the default (currently btree).
            </summary>
            <remarks>
            http://www.postgresql.org/docs/current/static/sql-createindex.html
            </remarks>
        </member>
        <member name="T:Microsoft.Data.Entity.Query.ExpressionTranslators.Internal.NpgsqlRegexIsMatchTranslator">
            <summary>
            Translates Regex.IsMatch calls into PostgreSQL regex expressions for database-side processing.
            </summary>
            <remarks>
            http://www.postgresql.org/docs/current/static/functions-matching.html
            </remarks>
        </member>
        <member name="T:Microsoft.Data.Entity.Update.Internal.NpgsqlModificationCommandBatch">
             <remarks>
             The usual ModificationCommandBatch implementation is <see cref="T:Microsoft.Data.Entity.Update.AffectedCountModificationCommandBatch"/>,
             which relies on <see cref="!:SqlGenerator.AppendSelectAffectedCountCommand"/> to fetch the number of
             rows modified via SQL.
            
             PostgreSQL actually has no way of selecting the modified row count.
             SQL defines GET DIAGNOSTICS which should provide this, but in PostgreSQL it's only available
             in PL/pgSQL. See http://www.postgresql.org/docs/9.4/static/unsupported-features-sql-standard.html,
             identifier F121-01.
            
             Instead, the affected row count can be accessed in the PostgreSQL protocol itself, which seems
             cleaner and more efficient anyway (no additional query).
             </remarks>
        </member>
    </members>
</doc>
