<?xml version="1.0"?>
<doc>
    <assembly>
        <name>Microsoft.Extensions.DependencyInjection</name>
    </assembly>
    <members>
        <member name="T:Microsoft.Extensions.DependencyInjection.ServiceCollection">
            <summary>
            Default implementation of <see cref="T:Microsoft.Extensions.DependencyInjection.IServiceCollection"/>.
            </summary>
        </member>
        <member name="P:Microsoft.Extensions.DependencyInjection.ServiceCollection.Count">
            <inheritdoc />
        </member>
        <member name="P:Microsoft.Extensions.DependencyInjection.ServiceCollection.IsReadOnly">
            <inheritdoc />
        </member>
        <member name="M:Microsoft.Extensions.DependencyInjection.ServiceCollection.Clear">
            <inheritdoc />
        </member>
        <member name="M:Microsoft.Extensions.DependencyInjection.ServiceCollection.Contains(Microsoft.Extensions.DependencyInjection.ServiceDescriptor)">
            <inheritdoc />
        </member>
        <member name="M:Microsoft.Extensions.DependencyInjection.ServiceCollection.CopyTo(Microsoft.Extensions.DependencyInjection.ServiceDescriptor[],System.Int32)">
            <inheritdoc />
        </member>
        <member name="M:Microsoft.Extensions.DependencyInjection.ServiceCollection.Remove(Microsoft.Extensions.DependencyInjection.ServiceDescriptor)">
            <inheritdoc />
        </member>
        <member name="M:Microsoft.Extensions.DependencyInjection.ServiceCollection.GetEnumerator">
            <inheritdoc />
        </member>
        <member name="T:Microsoft.Extensions.DependencyInjection.ServiceProvider">
            <summary>
            The default IServiceProvider.
            </summary>
        </member>
        <member name="M:Microsoft.Extensions.DependencyInjection.ServiceProvider.GetService(System.Type)">
            <summary>
            Gets the service object of the specified type.
            </summary>
            <param name="serviceType"></param>
            <returns></returns>
        </member>
        <member name="P:Microsoft.Extensions.DependencyInjection.Resources.AmbigiousConstructorException">
            <summary>
            Unable to activate type '{0}'. The following constructors are ambigious:
            </summary>
        </member>
        <member name="M:Microsoft.Extensions.DependencyInjection.Resources.FormatAmbigiousConstructorException(System.Object)">
            <summary>
            Unable to activate type '{0}'. The following constructors are ambigious:
            </summary>
        </member>
        <member name="P:Microsoft.Extensions.DependencyInjection.Resources.CannotResolveService">
            <summary>
            Unable to resolve service for type '{0}' while attempting to activate '{1}'.
            </summary>
        </member>
        <member name="M:Microsoft.Extensions.DependencyInjection.Resources.FormatCannotResolveService(System.Object,System.Object)">
            <summary>
            Unable to resolve service for type '{0}' while attempting to activate '{1}'.
            </summary>
        </member>
        <member name="P:Microsoft.Extensions.DependencyInjection.Resources.CircularDependencyException">
            <summary>
            A circular dependency was detected for the service of type '{0}'.
            </summary>
        </member>
        <member name="M:Microsoft.Extensions.DependencyInjection.Resources.FormatCircularDependencyException(System.Object)">
            <summary>
            A circular dependency was detected for the service of type '{0}'.
            </summary>
        </member>
        <member name="P:Microsoft.Extensions.DependencyInjection.Resources.UnableToActivateTypeException">
            <summary>
            No constructor for type '{0}' can be instantiated using services from the service container and default values.
            </summary>
        </member>
        <member name="M:Microsoft.Extensions.DependencyInjection.Resources.FormatUnableToActivateTypeException(System.Object)">
            <summary>
            No constructor for type '{0}' can be instantiated using services from the service container and default values.
            </summary>
        </member>
        <member name="P:Microsoft.Extensions.DependencyInjection.Resources.OpenGenericServiceRequiresOpenGenericImplementation">
            <summary>
            Open generic service type '{0}' requires registering an open generic implementation type.
            </summary>
        </member>
        <member name="M:Microsoft.Extensions.DependencyInjection.Resources.FormatOpenGenericServiceRequiresOpenGenericImplementation(System.Object)">
            <summary>
            Open generic service type '{0}' requires registering an open generic implementation type.
            </summary>
        </member>
        <member name="P:Microsoft.Extensions.DependencyInjection.Resources.TypeCannotBeActivated">
            <summary>
            Cannot instantiate implementation type '{0}' for service type '{1}'.
            </summary>
        </member>
        <member name="M:Microsoft.Extensions.DependencyInjection.Resources.FormatTypeCannotBeActivated(System.Object,System.Object)">
            <summary>
            Cannot instantiate implementation type '{0}' for service type '{1}'.
            </summary>
        </member>
        <member name="T:Microsoft.Extensions.DependencyInjection.ServiceLookup.InstanceService">
            <summary>
            Summary description for InstanceService
            </summary>
        </member>
        <member name="T:Microsoft.Extensions.DependencyInjection.ServiceLookup.IServiceCallSite">
            <summary>
            Summary description for IServiceCallSite
            </summary>
        </member>
    </members>
</doc>
