<?xml version="1.0"?>
<doc>
    <assembly>
        <name>Microsoft.Extensions.Configuration</name>
    </assembly>
    <members>
        <member name="T:Microsoft.Extensions.Configuration.ConfigurationBuilder">
            <summary>
            Used to build key/value based configuration settings for use in an application.
            </summary>
        </member>
        <member name="P:Microsoft.Extensions.Configuration.ConfigurationBuilder.Providers">
            <summary>
            Returns the providers used to obtain configuation values.
            </summary>
        </member>
        <member name="P:Microsoft.Extensions.Configuration.ConfigurationBuilder.Properties">
            <summary>
            Gets a key/value collection that can be used to share data between the <see cref="T:Microsoft.Extensions.Configuration.IConfigurationBuilder"/>
            and the registered <see cref="T:Microsoft.Extensions.Configuration.IConfigurationProvider"/>s.
            </summary>
        </member>
        <member name="M:Microsoft.Extensions.Configuration.ConfigurationBuilder.Add(Microsoft.Extensions.Configuration.IConfigurationProvider)">
            <summary>
            Adds a new configuration provider.
            </summary>
            <param name="provider">The configuration provider to add.</param>
            <returns>The same <see cref="T:Microsoft.Extensions.Configuration.IConfigurationBuilder"/>.</returns>
        </member>
        <member name="M:Microsoft.Extensions.Configuration.ConfigurationBuilder.Add(Microsoft.Extensions.Configuration.IConfigurationProvider,System.Boolean)">
            <summary>
            Adds a new provider to obtain configuration values from.
            This method is intended only for test scenarios.
            </summary>
            <param name="provider">The configuration provider to add.</param>
            <param name="load">If true, the configuration provider's <see cref="M:Microsoft.Extensions.Configuration.IConfigurationProvider.Load"/> method will
             be called.</param>
            <returns>The same <see cref="T:Microsoft.Extensions.Configuration.IConfigurationBuilder"/>.</returns>
        </member>
        <member name="M:Microsoft.Extensions.Configuration.ConfigurationBuilder.Build">
            <summary>
            Builds an <see cref="T:Microsoft.Extensions.Configuration.IConfiguration"/> with keys and values from the set of providers registered in
            <see cref="P:Microsoft.Extensions.Configuration.ConfigurationBuilder.Providers"/>.
            </summary>
            <returns>An <see cref="T:Microsoft.Extensions.Configuration.IConfigurationRoot"/> with keys and values from the registered providers.</returns>
        </member>
        <member name="M:Microsoft.Extensions.Configuration.MemoryConfigurationExtensions.AddInMemoryCollection(Microsoft.Extensions.Configuration.IConfigurationBuilder)">
            <summary>
            Adds the memory configuration provider to <paramref name="configuraton"/>.
            </summary>
            <param name="configurationBuilder">The <see cref="T:Microsoft.Extensions.Configuration.IConfigurationBuilder"/> to add to.</param>
            <returns>The <see cref="T:Microsoft.Extensions.Configuration.IConfigurationBuilder"/>.</returns>
        </member>
        <member name="M:Microsoft.Extensions.Configuration.MemoryConfigurationExtensions.AddInMemoryCollection(Microsoft.Extensions.Configuration.IConfigurationBuilder,System.Collections.Generic.IEnumerable{System.Collections.Generic.KeyValuePair{System.String,System.String}})">
            <summary>
            Adds the memory configuration provider to <paramref name="configuraton"/>.
            </summary>
            <param name="configurationBuilder">The <see cref="T:Microsoft.Extensions.Configuration.IConfigurationBuilder"/> to add to.</param>
            <param name="initialData">The data to add to memory configuration provider.</param>
            <returns>The <see cref="T:Microsoft.Extensions.Configuration.IConfigurationBuilder"/>.</returns>
        </member>
        <member name="P:Microsoft.Extensions.Configuration.Resources.Error_EmptyKey">
            <summary>
            Empty key is not allowed. 
            </summary>
        </member>
        <member name="M:Microsoft.Extensions.Configuration.Resources.FormatError_EmptyKey">
            <summary>
            Empty key is not allowed. 
            </summary>
        </member>
        <member name="P:Microsoft.Extensions.Configuration.Resources.Error_InvalidReload">
            <summary>
            Reload can only be called on top-level configuration element
            </summary>
        </member>
        <member name="M:Microsoft.Extensions.Configuration.Resources.FormatError_InvalidReload">
            <summary>
            Reload can only be called on top-level configuration element
            </summary>
        </member>
        <member name="P:Microsoft.Extensions.Configuration.Resources.Error_MissingBasePath">
            <summary>
            Unable to resolve path '{0}'; construct this {1} with a non-null {2}.
            </summary>
        </member>
        <member name="M:Microsoft.Extensions.Configuration.Resources.FormatError_MissingBasePath(System.Object,System.Object,System.Object)">
            <summary>
            Unable to resolve path '{0}'; construct this {1} with a non-null {2}.
            </summary>
        </member>
        <member name="P:Microsoft.Extensions.Configuration.Resources.Error_NoSources">
            <summary>
            A configuration provider is not registered. Please register one before setting a value.
            </summary>
        </member>
        <member name="M:Microsoft.Extensions.Configuration.Resources.FormatError_NoSources">
            <summary>
            A configuration provider is not registered. Please register one before setting a value.
            </summary>
        </member>
    </members>
</doc>
