<?xml version="1.0"?>
<doc>
    <assembly>
        <name>Td.Kylin.DataCache</name>
    </assembly>
    <members>
        <member name="T:Td.Kylin.DataCache.CacheCollection">
            <summary>
            缓存采集器
            </summary>
        </member>
        <member name="F:Td.Kylin.DataCache.CacheCollection.htCache">
            <summary>
            缓存项实例集合
            </summary>
        </member>
        <member name="M:Td.Kylin.DataCache.CacheCollection.Reset">
            <summary>
            重置集合器
            </summary>
        </member>
        <member name="P:Td.Kylin.DataCache.CacheCollection.Count">
            <summary>
            缓存数量
            </summary>
        </member>
        <member name="P:Td.Kylin.DataCache.CacheCollection.Keys">
            <summary>
            缓存的Key集合
            </summary>
        </member>
        <member name="M:Td.Kylin.DataCache.CacheCollection.CacheItemFactory(Td.Kylin.DataCache.CacheItemType)">
            <summary>
            缓存项生成
            </summary>
            <param name="itemType"></param>
            <returns></returns>
        </member>
        <member name="M:Td.Kylin.DataCache.CacheCollection.GetCacheObject``1(Td.Kylin.DataCache.CacheItemType)">
            <summary>
            获取缓存对象
            </summary>
            <param name="itemType"></param>
            <returns></returns>
        </member>
        <member name="P:Td.Kylin.DataCache.CacheCollection.SystemAreaCache">
            <summary>
            系统区域缓存
            </summary>
        </member>
        <member name="P:Td.Kylin.DataCache.CacheCollection.OpenAreaCache">
            <summary>
            开通区域缓存
            </summary>
        </member>
        <member name="P:Td.Kylin.DataCache.CacheCollection.MerchantIndustryCache">
            <summary>
            商家行业缓存
            </summary>
        </member>
        <member name="P:Td.Kylin.DataCache.CacheCollection.AreaRecommendIndustryCache">
            <summary>
            区域行业推荐缓存
            </summary>
        </member>
        <member name="P:Td.Kylin.DataCache.CacheCollection.BusinessServiceCache">
            <summary>
            上门预约服务缓存
            </summary>
        </member>
        <member name="P:Td.Kylin.DataCache.CacheCollection.MerchantProductSystemCategoryCache">
            <summary>
            商家商品系统分类缓存
            </summary>
        </member>
        <member name="P:Td.Kylin.DataCache.CacheCollection.B2CProductCategoryCache">
            <summary>
            B2C商品分类缓存
            </summary>
        </member>
        <member name="P:Td.Kylin.DataCache.CacheCollection.B2CProductCategoryTagCache">
            <summary>
            B2C商品分类标签缓存
            </summary>
        </member>
        <member name="P:Td.Kylin.DataCache.CacheCollection.SystemGolbalConfigCache">
            <summary>
            系统全局配置缓存
            </summary>
        </member>
        <member name="P:Td.Kylin.DataCache.CacheCollection.UserPointsConfigCache">
            <summary>
            用户积分规则配置缓存 
            </summary>
        </member>
        <member name="P:Td.Kylin.DataCache.CacheCollection.UserEmpiricalConfigCache">
            <summary>
            用户经验值规则配置缓存
            </summary>
        </member>
        <member name="P:Td.Kylin.DataCache.CacheCollection.UserLevelConfigCache">
            <summary>
            用户等级配置缓存
            </summary>
        </member>
        <member name="P:Td.Kylin.DataCache.CacheCollection.ForumCategoryCache">
            <summary>
            圈子分类缓存
            </summary>
        </member>
        <member name="P:Td.Kylin.DataCache.CacheCollection.ForumCircleCache">
            <summary>
            系统圈子缓存
            </summary>
        </member>
        <member name="P:Td.Kylin.DataCache.CacheCollection.AreaForumCache">
            <summary>
            区域圈子缓存
            </summary>
        </member>
        <member name="P:Td.Kylin.DataCache.CacheCollection.JobCategoryCache">
            <summary>
            职位类别缓存
            </summary>
        </member>
        <member name="P:Td.Kylin.DataCache.CacheCollection.PlatformCommissionCache">
            <summary>
            平台针对区域抽成缓存
            </summary>
        </member>
        <member name="P:Td.Kylin.DataCache.CacheCollection.AreaDefaultCommissionCache">
            <summary>
            区域默认抽成缓存
            </summary>
        </member>
        <member name="P:Td.Kylin.DataCache.CacheCollection.AreaForMerchantCommissionCache">
            <summary>
            区域针对商家抽成缓存
            </summary>
        </member>
        <member name="P:Td.Kylin.DataCache.CacheCollection.AreaForPersonalWorkerCommissionCache">
            <summary>
            区域针对个人服务人员抽成缓存
            </summary>
        </member>
        <member name="P:Td.Kylin.DataCache.CacheCollection.ApiModuleAuthorizeCache">
            <summary>
            接口对模块授权缓存
            </summary>
        </member>
        <member name="P:Td.Kylin.DataCache.CacheCollection.LegworkAreaConfigCache">
            <summary>
            跑腿业务区域配置缓存
            </summary>
        </member>
        <member name="P:Td.Kylin.DataCache.CacheCollection.LegworkGlobalConfigCache">
            <summary>
            跑腿业务全局配置缓存
            </summary>
        </member>
        <member name="P:Td.Kylin.DataCache.CacheCollection.LegworkGoodsCategoryCache">
            <summary>
            跑腿业务物品类型缓存
            </summary>
        </member>
        <member name="M:Td.Kylin.DataCache.CacheCollection.GetCache(Td.Kylin.DataCache.CacheItemType)">
            <summary>
            获取缓存项
            </summary>
            <param name="level"></param>
            <returns></returns>
        </member>
        <member name="M:Td.Kylin.DataCache.CacheCollection.GetAllCache">
            <summary>
            获取所有缓存项
            </summary>
            <returns></returns>
        </member>
        <member name="M:Td.Kylin.DataCache.CacheCollection.GetCacheList(Td.Kylin.DataCache.CacheLevel)">
            <summary>
            获取指定缓存级别的缓存集合列表
            </summary>
            <param name="level"></param>
            <returns></returns>
        </member>
        <member name="M:Td.Kylin.DataCache.CacheCollection.Update(Td.Kylin.DataCache.CacheLevel)">
            <summary>
            更新指定级别的缓存
            </summary>
            <param name="level"></param>
        </member>
        <member name="M:Td.Kylin.DataCache.CacheCollection.ResetLevel(Td.Kylin.DataCache.CacheItemType,Td.Kylin.DataCache.CacheLevel)">
            <summary>
            更新缓存级别
            </summary>
            <param name="itemType"></param>
            <param name="level"></param>
        </member>
        <member name="T:Td.Kylin.DataCache.CacheInjectionConfig">
            <summary>
            数据缓存(Redis)注入配置类
            </summary>
        </member>
        <member name="P:Td.Kylin.DataCache.CacheInjectionConfig.KeepAlive">
            <summary>
            是否长连接
            </summary>
        </member>
        <member name="P:Td.Kylin.DataCache.CacheInjectionConfig.Options">
            <summary>
            Redis-ConfigurationOptions
            </summary>
        </member>
        <member name="P:Td.Kylin.DataCache.CacheInjectionConfig.RedisConnectionString">
            <summary>
            Redis-连接字符串
            </summary>
        </member>
        <member name="P:Td.Kylin.DataCache.CacheInjectionConfig.CacheItems">
            <summary>
            需要缓存的数据类型集合
            </summary>
        </member>
        <member name="P:Td.Kylin.DataCache.CacheInjectionConfig.InitIfNull">
            <summary>
            缓存对象为null时是否实始化
            </summary>
        </member>
        <member name="P:Td.Kylin.DataCache.CacheInjectionConfig.SqlType">
            <summary>
            缓存数据来源数据库类型
            </summary>
        </member>
        <member name="P:Td.Kylin.DataCache.CacheInjectionConfig.SqlConnectionString">
            <summary>
            缓存数据来源数据库连接字符串
            </summary>
        </member>
        <member name="P:Td.Kylin.DataCache.CacheStartup.RedisOptions">
            <summary>
            Redis连接信息
            </summary>
        </member>
        <member name="P:Td.Kylin.DataCache.CacheStartup.KeepAlive">
            <summary>
            是否为长连接
            </summary>
        </member>
        <member name="P:Td.Kylin.DataCache.CacheStartup.RedisConfiguration">
            <summary>
            Redis缓存配置
            </summary>
        </member>
        <member name="P:Td.Kylin.DataCache.CacheStartup.InitIfNull">
            <summary>
            缓存数据为null时是否初始化
            </summary>
        </member>
        <member name="P:Td.Kylin.DataCache.CacheStartup.RedisContext">
            <summary>
            RedisContext
            </summary>
        </member>
        <member name="P:Td.Kylin.DataCache.CacheStartup.SqlType">
            <summary>
            数据库提供者类型
            </summary>
        </member>
        <member name="P:Td.Kylin.DataCache.CacheStartup.SqlConnctionString">
            <summary>
            数据库连接字符串
            </summary>
        </member>
        <member name="M:Td.Kylin.DataCache.CacheStartup.InitRedisConfigration(StackExchange.Redis.ConfigurationOptions,System.Boolean,System.Collections.Generic.IEnumerable{Td.Kylin.DataCache.CacheItemType})">
            <summary>
            创建并初始化Redis缓存配置
            </summary>
            <returns></returns>
        </member>
        <member name="M:Td.Kylin.DataCache.DataCacheInjection.UseDataCache(Microsoft.AspNet.Builder.IApplicationBuilder,Td.Kylin.DataCache.CacheInjectionConfig)">
            <summary>
            以ConfigurationOptions形式注入
            </summary>
            <param name="builder"></param>
            <param name="keepAlive">是否长连接</param>
            <param name="options">Redis Connections</param>
            <param name="sqlType">数据库类型</param>
            <param name="sqlConnection">数据库连接字符串</param>
            <param name="cacheItems">缓存类型</param>
            <param name="initIfNull">缓存数据为空时是否初始化</param>
            <returns></returns>
        </member>
        <member name="M:Td.Kylin.DataCache.DataCacheInjection.UseDataCache(Microsoft.AspNet.Builder.IApplicationBuilder,System.Boolean,StackExchange.Redis.ConfigurationOptions,Td.Kylin.EnumLibrary.SqlProviderType,System.String,Td.Kylin.DataCache.CacheItemType[],System.Boolean)">
            <summary>
            以ConfigurationOptions形式注入
            </summary>
            <param name="builder"></param>
            <param name="keepAlive">是否长连接</param>
            <param name="options">Redis Connections</param>
            <param name="sqlType">数据库类型</param>
            <param name="sqlConnection">数据库连接字符串</param>
            <param name="cacheItems">缓存类型</param>
            <param name="initIfNull">缓存数据为空时是否初始化</param>
            <returns></returns>
        </member>
        <member name="M:Td.Kylin.DataCache.DataCacheInjection.UseDataCache(Microsoft.AspNet.Builder.IApplicationBuilder,System.Boolean,System.String,Td.Kylin.EnumLibrary.SqlProviderType,System.String,Td.Kylin.DataCache.CacheItemType[],System.Boolean)">
            <summary>
            以连接字符串形式注入
            </summary>
            <param name="builder"></param>
            <param name="keepAlive">是否长连接</param>
            <param name="redisConnectionString">Redis的连接字符串</param>
            <param name="sqlType">数据库类型</param>
            <param name="sqlConnection">数据库连接字符串</param>
            <param name="cacheItems">缓存类型</param>
            <param name="initIfNull">缓存数据为空时是否初始化</param>
            <returns></returns>
        </member>
        <member name="M:Td.Kylin.DataCache.DataCacheInjection.UseDataCache(Td.Kylin.DataCache.CacheInjectionConfig)">
            <summary>
            以ConfigurationOptions形式注入
            </summary>
            <param name="builder"></param>
            <param name="keepAlive">是否长连接</param>
            <param name="options">Redis Connections</param>
            <param name="sqlType">数据库类型</param>
            <param name="sqlConnection">数据库连接字符串</param>
            <param name="cacheItems">缓存类型</param>
            <param name="initIfNull">缓存数据为空时是否初始化</param>
            <returns></returns>
        </member>
        <member name="M:Td.Kylin.DataCache.DataCacheInjection.UseDataCache(System.Boolean,StackExchange.Redis.ConfigurationOptions,Td.Kylin.EnumLibrary.SqlProviderType,System.String,Td.Kylin.DataCache.CacheItemType[],System.Boolean)">
            <summary>
            以ConfigurationOptions形式注入
            </summary>
            <param name="builder"></param>
            <param name="keepAlive">是否长连接</param>
            <param name="options">Redis Connections</param>
            <param name="sqlType">数据库类型</param>
            <param name="sqlConnection">数据库连接字符串</param>
            <param name="cacheItems">缓存类型</param>
            <param name="initIfNull">缓存数据为空时是否初始化</param>
            <returns></returns>
        </member>
        <member name="M:Td.Kylin.DataCache.DataCacheInjection.UseDataCache(System.Boolean,System.String,Td.Kylin.EnumLibrary.SqlProviderType,System.String,Td.Kylin.DataCache.CacheItemType[],System.Boolean)">
            <summary>
            以连接字符串形式注入
            </summary>
            <param name="builder"></param>
            <param name="keepAlive">是否长连接</param>
            <param name="redisConnectionString">Redis的连接字符串</param>
            <param name="sqlType">数据库类型</param>
            <param name="sqlConnection">数据库连接字符串</param>
            <param name="cacheItems">缓存类型</param>
            <param name="initIfNull">缓存数据为空时是否初始化</param>
            <returns></returns>
        </member>
        <member name="F:Td.Kylin.DataCache.DataCacheMiddleware._next">
            <summary>
            Http Request
            </summary>
        </member>
        <member name="F:Td.Kylin.DataCache.DataCacheMiddleware._options">
            <summary>
            The options relevant to a set of redis connections
            </summary>
        </member>
        <member name="F:Td.Kylin.DataCache.DataCacheMiddleware._keepAlive">
            <summary>
            Redis是否为长连接
            </summary>
        </member>
        <member name="F:Td.Kylin.DataCache.DataCacheMiddleware._sqlProviderType">
            <summary>
            数据库类型
            </summary>
        </member>
        <member name="F:Td.Kylin.DataCache.DataCacheMiddleware._sqlconnectionString">
            <summary>
            数据库连接字符串
            </summary>
        </member>
        <member name="F:Td.Kylin.DataCache.DataCacheMiddleware._cacheItems">
            <summary>
            需要注入的缓存类型
            </summary>
        </member>
        <member name="F:Td.Kylin.DataCache.DataCacheMiddleware._initIfNull">
            <summary>
            缓存数据为null时是否初始化
            </summary>
        </member>
        <member name="M:Td.Kylin.DataCache.DataCacheMiddleware.#ctor(Microsoft.AspNet.Builder.RequestDelegate,System.Boolean,StackExchange.Redis.ConfigurationOptions,Td.Kylin.EnumLibrary.SqlProviderType,System.String,Td.Kylin.DataCache.CacheItemType[],System.Boolean)">
            <summary>
            实例化
            </summary>
            <param name="next"></param>
            <param name="keepAlive">是否长连接</param>
            <param name="redisOptions">Redis Connections</param>
            <param name="sqlType">数据库类型</param>
            <param name="sqlConnection">数据库连接字符串</param>
            <param name="cacheItems">缓存类型</param>
            <param name="initIfNull">缓存数据为空时是否初始化</param>
        </member>
        <member name="M:Td.Kylin.DataCache.DataCacheMiddleware.#ctor(System.Boolean,StackExchange.Redis.ConfigurationOptions,Td.Kylin.EnumLibrary.SqlProviderType,System.String,Td.Kylin.DataCache.CacheItemType[],System.Boolean)">
            <summary>
            实例化（非Web程序中使用）
            </summary>
            <param name="keepAlive">是否长连接</param>
            <param name="redisOptions"></param>
            <param name="sqlType">数据库类型</param>
            <param name="sqlConnection">数据库连接字符串</param>
            <param name="cacheItems">缓存类型</param>
            <param name="initIfNull">缓存数据为空时是否初始化</param>
        </member>
        <member name="P:Td.Kylin.DataCache.ServicesProvider.Items">
            <summary>
            数据操作服务集
            </summary>
        </member>
        <member name="M:Td.Kylin.DataCache.ServicesProvider.#ctor">
            <summary>
            实例化
            </summary>
        </member>
        <member name="P:Td.Kylin.DataCache.ServicesProvider.SystemAreaService">
            <summary>
            系统区域数据服务
            </summary>
        </member>
        <member name="P:Td.Kylin.DataCache.ServicesProvider.OpenAreaService">
            <summary>
            开通区域数据服务
            </summary>
        </member>
        <member name="P:Td.Kylin.DataCache.ServicesProvider.MerchantIndustryService">
            <summary>
            商家行业数据服务
            </summary>
        </member>
        <member name="P:Td.Kylin.DataCache.ServicesProvider.AreaRecommendIndustryService">
            <summary>
            区域行业推荐数据服务
            </summary>
        </member>
        <member name="P:Td.Kylin.DataCache.ServicesProvider.BusinessService">
            <summary>
            上门预约业务数据服务
            </summary>
        </member>
        <member name="P:Td.Kylin.DataCache.ServicesProvider.B2CProductCategoryService">
            <summary>
            B2C区域商城商品分类
            </summary>
        </member>
        <member name="P:Td.Kylin.DataCache.ServicesProvider.B2CProductCategoryTagService">
            <summary>
            B2C区域商城商品分类标签
            </summary>
        </member>
        <member name="P:Td.Kylin.DataCache.ServicesProvider.SystemGolbalConfigService">
            <summary>
            系统全局配置
            </summary>
        </member>
        <member name="P:Td.Kylin.DataCache.ServicesProvider.UserPointsConfigService">
            <summary>
            用户积分规则配置 
            </summary>
        </member>
        <member name="P:Td.Kylin.DataCache.ServicesProvider.UserEmpiricalConfigService">
            <summary>
            用户经验值规则配置 
            </summary>
        </member>
        <member name="P:Td.Kylin.DataCache.ServicesProvider.UserLevelConfigService">
            <summary>
            用户等级配置
            </summary>
        </member>
        <member name="P:Td.Kylin.DataCache.ServicesProvider.ForumCategoryService">
            <summary>
            圈子分类
            </summary>
        </member>
        <member name="P:Td.Kylin.DataCache.ServicesProvider.ForumCircleService">
            <summary>
            系统圈子
            </summary>
        </member>
        <member name="P:Td.Kylin.DataCache.ServicesProvider.AreaForumService">
            <summary>
            区域圈子
            </summary>
        </member>
        <member name="P:Td.Kylin.DataCache.ServicesProvider.MerchantProductSystemCategoryService">
            <summary>
            商家商品系统分类
            </summary>
        </member>
        <member name="P:Td.Kylin.DataCache.ServicesProvider.JobCategoryService">
            <summary>
            职位类别
            </summary>
        </member>
        <member name="P:Td.Kylin.DataCache.ServicesProvider.PlatformCommissionService">
            <summary>
            平台针对区域抽成
            </summary>
        </member>
        <member name="P:Td.Kylin.DataCache.ServicesProvider.AreaForMerchantCommissionService">
            <summary>
            区域针对商家抽成
            </summary>
        </member>
        <member name="P:Td.Kylin.DataCache.ServicesProvider.AreaForPersonalWorkerCommissionService">
            <summary>
            区域针对个人服务人员抽成
            </summary>
        </member>
        <member name="P:Td.Kylin.DataCache.ServicesProvider.AreaDefaultCommissionService">
            <summary>
            区域默认抽成配置
            </summary>
        </member>
        <member name="P:Td.Kylin.DataCache.ServicesProvider.ModuleAuthorizeService">
            <summary>
            模块授权
            </summary>
        </member>
        <member name="P:Td.Kylin.DataCache.ServicesProvider.LegworkAreaConfigService">
            <summary>
            跑腿业务区域配置
            </summary>
        </member>
        <member name="P:Td.Kylin.DataCache.ServicesProvider.LegworkGlobalConfigService">
            <summary>
            跑腿业务全局配置
            </summary>
        </member>
        <member name="P:Td.Kylin.DataCache.ServicesProvider.LegworkGoodsCategoryService">
            <summary>
            跑腿业务物品类型
            </summary>
        </member>
        <member name="M:Td.Kylin.DataCache.ServicesProvider.InitServices``1">
            <summary>
            数据服务初始化
            </summary>
            <typeparam name="T"></typeparam>
        </member>
        <member name="T:Td.Kylin.DataCache.CacheModel.ApiModuleAuthorizeCacheModel">
            <summary>
            接口模块授权数据缓存模型
            </summary>
        </member>
        <member name="P:Td.Kylin.DataCache.CacheModel.ApiModuleAuthorizeCacheModel.HashField">
            <summary>
            HastField（ ServerID+ModuleID）
            </summary>
        </member>
        <member name="P:Td.Kylin.DataCache.CacheModel.ApiModuleAuthorizeCacheModel.ServerID">
            <summary>
            服务系统编号（系统硬编码代号）
            </summary>
        </member>
        <member name="P:Td.Kylin.DataCache.CacheModel.ApiModuleAuthorizeCacheModel.ModuleID">
            <summary>
            模块编号(系统硬编码代号)
            </summary>
        </member>
        <member name="P:Td.Kylin.DataCache.CacheModel.ApiModuleAuthorizeCacheModel.AppSecret">
            <summary>
            密钥
            </summary>
        </member>
        <member name="P:Td.Kylin.DataCache.CacheModel.ApiModuleAuthorizeCacheModel.Role">
            <summary>
            角色(1管理员，2编辑者，4使用者）
            </summary>
        </member>
        <member name="T:Td.Kylin.DataCache.CacheModel.AreaDefaultCommissionCacheModel">
            <summary>
            区域默认抽成配置缓存模型
            </summary>
        </member>
        <member name="P:Td.Kylin.DataCache.CacheModel.AreaDefaultCommissionCacheModel.HashField">
            <summary>
            HastField（ AreaID+CommissionItem）
            </summary>
        </member>
        <member name="P:Td.Kylin.DataCache.CacheModel.AreaDefaultCommissionCacheModel.AreaID">
            <summary>
            区域ID
            </summary>
        </member>
        <member name="P:Td.Kylin.DataCache.CacheModel.AreaDefaultCommissionCacheModel.CommissionItem">
            <summary>
            抽成项（枚举：AreaDefaultCommissionOption，如：商家商品订单抽成|商家上门预约订单抽成）
            </summary>
        </member>
        <member name="P:Td.Kylin.DataCache.CacheModel.AreaDefaultCommissionCacheModel.CommissionType">
            <summary>
            抽成方式（如：按金额百分比|按固定金额）
            </summary>
        </member>
        <member name="P:Td.Kylin.DataCache.CacheModel.AreaDefaultCommissionCacheModel.Value">
            <summary>
            抽成结果
            </summary>
        </member>
        <member name="T:Td.Kylin.DataCache.CacheModel.AreaForMerchantCommissionCacheModel">
            <summary>
            区域针对商家抽成配置缓存模型
            </summary>
        </member>
        <member name="P:Td.Kylin.DataCache.CacheModel.AreaForMerchantCommissionCacheModel.HashField">
            <summary>
            HashField（AreaID+MerchantID+CommissionItem）
            </summary>
        </member>
        <member name="P:Td.Kylin.DataCache.CacheModel.AreaForMerchantCommissionCacheModel.AreaID">
            <summary>
            区域ID
            </summary>
        </member>
        <member name="P:Td.Kylin.DataCache.CacheModel.AreaForMerchantCommissionCacheModel.MerchantID">
            <summary>
            商家ID
            </summary>
        </member>
        <member name="P:Td.Kylin.DataCache.CacheModel.AreaForMerchantCommissionCacheModel.CommissionItem">
            <summary>
            抽成项（枚举：AreaMerchantCommissionOption，如：商家商品订单抽成|商家上门预约订单抽成）
            </summary>
        </member>
        <member name="P:Td.Kylin.DataCache.CacheModel.AreaForMerchantCommissionCacheModel.CommissionType">
            <summary>
            抽成方式（如：按金额百分比|按固定金额）
            </summary>
        </member>
        <member name="P:Td.Kylin.DataCache.CacheModel.AreaForMerchantCommissionCacheModel.Value">
            <summary>
            抽成结果
            </summary>
        </member>
        <member name="T:Td.Kylin.DataCache.CacheModel.AreaForPersonalWorkerCommissionCacheModel">
            <summary>
            区域针对个人工作人员抽成配置缓存模型
            </summary>
        </member>
        <member name="P:Td.Kylin.DataCache.CacheModel.AreaForPersonalWorkerCommissionCacheModel.HashField">
            <summary>
            HashField（AreaID+UserID+CommissionItem）
            </summary>
        </member>
        <member name="P:Td.Kylin.DataCache.CacheModel.AreaForPersonalWorkerCommissionCacheModel.AreaID">
            <summary>
            区域ID
            </summary>
        </member>
        <member name="P:Td.Kylin.DataCache.CacheModel.AreaForPersonalWorkerCommissionCacheModel.UserID">
            <summary>
            用户ID
            </summary>
        </member>
        <member name="P:Td.Kylin.DataCache.CacheModel.AreaForPersonalWorkerCommissionCacheModel.CommissionItem">
            <summary>
            抽成项（枚举：AreaWorkerCommissionOption，如：上门预约订单抽成）
            </summary>
        </member>
        <member name="P:Td.Kylin.DataCache.CacheModel.AreaForPersonalWorkerCommissionCacheModel.CommissionType">
            <summary>
            抽成方式（如：按金额百分比|按固定金额）
            </summary>
        </member>
        <member name="P:Td.Kylin.DataCache.CacheModel.AreaForPersonalWorkerCommissionCacheModel.Value">
            <summary>
            抽成结果
            </summary>
        </member>
        <member name="P:Td.Kylin.DataCache.CacheModel.AreaForumCacheModel.HashField">
            <summary>
            HashField（AreaForumID）
            </summary>
        </member>
        <member name="P:Td.Kylin.DataCache.CacheModel.AreaForumCacheModel.AreaForumID">
            <summary>
             区域圈子ID
            </summary>
        </member>
        <member name="P:Td.Kylin.DataCache.CacheModel.AreaForumCacheModel.AreaID">
            <summary>
            所属区域ID
            </summary>
        </member>
        <member name="P:Td.Kylin.DataCache.CacheModel.AreaForumCacheModel.ForumID">
            <summary>
             版面圈子ID
            </summary>
        </member>
        <member name="P:Td.Kylin.DataCache.CacheModel.AreaForumCacheModel.AliasName">
            <summary>
            圈子别名
            </summary>
        </member>
        <member name="P:Td.Kylin.DataCache.CacheModel.AreaForumCacheModel.CategoryID">
            <summary>
            论坛分类ID
            </summary>
        </member>
        <member name="P:Td.Kylin.DataCache.CacheModel.AreaForumCacheModel.Logo">
            <summary>
            论坛图标
            </summary>
        </member>
        <member name="P:Td.Kylin.DataCache.CacheModel.AreaForumCacheModel.Description">
            <summary>
            论坛介绍
            </summary>
        </member>
        <member name="P:Td.Kylin.DataCache.CacheModel.AreaForumCacheModel.Moderators">
            <summary>
            版主
            </summary>
        </member>
        <member name="P:Td.Kylin.DataCache.CacheModel.AreaForumCacheModel.OrderNo">
            <summary>
            论坛分类排序
            </summary>
        </member>
        <member name="P:Td.Kylin.DataCache.CacheModel.AreaForumCacheModel.PostType">
            <summary>
            发帖类型2n次方
            </summary>
        </member>
        <member name="P:Td.Kylin.DataCache.CacheModel.AreaForumCacheModel.PostLevel">
            <summary>
            发帖等级限制
            </summary>
        </member>
        <member name="P:Td.Kylin.DataCache.CacheModel.AreaForumCacheModel.PassLevel">
            <summary>
            不需要审核等级限制
            </summary>
        </member>
        <member name="T:Td.Kylin.DataCache.CacheModel.AreaRecommendIndustryCacheModel">
            <summary>
            区域行业推荐缓存模型
            </summary>
        </member>
        <member name="P:Td.Kylin.DataCache.CacheModel.AreaRecommendIndustryCacheModel.HashField">
            <summary>
            HashField（由“AreaID_IndustryID”组成）
            </summary>
        </member>
        <member name="P:Td.Kylin.DataCache.CacheModel.AreaRecommendIndustryCacheModel.AreaID">
            <summary>
            区域ID
            </summary>
        </member>
        <member name="P:Td.Kylin.DataCache.CacheModel.AreaRecommendIndustryCacheModel.IndustryID">
            <summary>
            行业ID
            </summary>
        </member>
        <member name="P:Td.Kylin.DataCache.CacheModel.AreaRecommendIndustryCacheModel.ParentID">
            <summary>
            行业父级ID
            </summary>
        </member>
        <member name="P:Td.Kylin.DataCache.CacheModel.AreaRecommendIndustryCacheModel.OrderNo">
            <summary>
            排序
            </summary>
        </member>
        <member name="P:Td.Kylin.DataCache.CacheModel.AreaRecommendIndustryCacheModel.RecommendType">
            <summary>
            推荐状态（枚举：AreaIndustryRecommend，以2的N次方值和存储）
            </summary>
        </member>
        <member name="P:Td.Kylin.DataCache.CacheModel.AreaRecommendIndustryCacheModel.Name">
            <summary>
            行业名称
            </summary>
        </member>
        <member name="P:Td.Kylin.DataCache.CacheModel.AreaRecommendIndustryCacheModel.Icon">
            <summary>
            ICON
            </summary>
        </member>
        <member name="P:Td.Kylin.DataCache.CacheModel.B2CProductCategoryCacheModel.HashField">
            <summary>
            HashField（CategoryID）
            </summary>
        </member>
        <member name="P:Td.Kylin.DataCache.CacheModel.B2CProductCategoryCacheModel.CategoryID">
            <summary>
            商品类目ID
            </summary>
        </member>
        <member name="P:Td.Kylin.DataCache.CacheModel.B2CProductCategoryCacheModel.AreaID">
            <summary>
            所属区域ID
            </summary>
        </member>
        <member name="P:Td.Kylin.DataCache.CacheModel.B2CProductCategoryCacheModel.Name">
            <summary>
            类目名称
            </summary>
        </member>
        <member name="P:Td.Kylin.DataCache.CacheModel.B2CProductCategoryCacheModel.Ico">
            <summary>
            类目图标
            </summary>
        </member>
        <member name="P:Td.Kylin.DataCache.CacheModel.B2CProductCategoryCacheModel.OrderNo">
            <summary>
            排序值
            </summary>
        </member>
        <member name="P:Td.Kylin.DataCache.CacheModel.B2CProductCategoryTagCacheModel.HashField">
            <summary>
            HashField（TagID）
            </summary>
        </member>
        <member name="P:Td.Kylin.DataCache.CacheModel.B2CProductCategoryTagCacheModel.TagID">
            <summary>
            标签ID
            </summary>
        </member>
        <member name="P:Td.Kylin.DataCache.CacheModel.B2CProductCategoryTagCacheModel.CategoryID">
            <summary>
            商品类目ID
            </summary>
        </member>
        <member name="P:Td.Kylin.DataCache.CacheModel.B2CProductCategoryTagCacheModel.TagName">
            <summary>
            商品标签名称
            </summary>
        </member>
        <member name="P:Td.Kylin.DataCache.CacheModel.B2CProductCategoryTagCacheModel.OrderNo">
            <summary>
            排序值
            </summary>
        </member>
        <member name="T:Td.Kylin.DataCache.CacheModel.BaseCacheModel">
            <summary>
            缓存模型抽象基类
            </summary>
        </member>
        <member name="P:Td.Kylin.DataCache.CacheModel.BaseCacheModel.HashField">
            <summary>
            HashField
            </summary>
        </member>
        <member name="T:Td.Kylin.DataCache.CacheModel.BusinessServiceCacheModel">
            <summary>
            上门预约服务业务缓存模型
            </summary>
        </member>
        <member name="P:Td.Kylin.DataCache.CacheModel.BusinessServiceCacheModel.HashField">
            <summary>
            HashField（BusinessID）
            </summary>
        </member>
        <member name="P:Td.Kylin.DataCache.CacheModel.BusinessServiceCacheModel.BusinessID">
            <summary>
            业务ID
            </summary>
        </member>
        <member name="P:Td.Kylin.DataCache.CacheModel.BusinessServiceCacheModel.IndustryID">
            <summary>
            所属行业
            </summary>
        </member>
        <member name="P:Td.Kylin.DataCache.CacheModel.BusinessServiceCacheModel.Name">
            <summary>
            业务名称
            </summary>
        </member>
        <member name="P:Td.Kylin.DataCache.CacheModel.BusinessServiceCacheModel.BusinessType">
            <summary>
            业务类型（如：上门|预约）
            </summary>
        </member>
        <member name="P:Td.Kylin.DataCache.CacheModel.BusinessServiceCacheModel.IsOpenService">
            <summary>
            是否已开通线上服务（未开通时表示不能进行业务操作，如：上门服务|预约服务）
            </summary>
        </member>
        <member name="P:Td.Kylin.DataCache.CacheModel.BusinessServiceCacheModel.QuoteWays">
            <summary>
            报价方式（枚举：下单时报价｜上门时报价等）
            </summary>
        </member>
        <member name="P:Td.Kylin.DataCache.CacheModel.BusinessServiceCacheModel.PayerType">
            <summary>
            付款方类型（枚举：下单方｜服务方）
            </summary>
        </member>
        <member name="P:Td.Kylin.DataCache.CacheModel.BusinessServiceCacheModel.AllowPerson">
            <summary>
            是否允许个人开展业务
            </summary>
        </member>
        <member name="P:Td.Kylin.DataCache.CacheModel.BusinessServiceCacheModel.Icon">
            <summary>
            图标
            </summary>
        </member>
        <member name="P:Td.Kylin.DataCache.CacheModel.BusinessServiceCacheModel.OrderNo">
            <summary>
            排序值
            </summary>
        </member>
        <member name="P:Td.Kylin.DataCache.CacheModel.BusinessServiceCacheModel.TagStatus">
            <summary>
            标记状态（枚举以2的N次方定义，多个状态时累加）
            </summary>
        </member>
        <member name="P:Td.Kylin.DataCache.CacheModel.BusinessServiceCacheModel.CreateTime">
            <summary>
            数据创建时间
            </summary>
        </member>
        <member name="P:Td.Kylin.DataCache.CacheModel.ForumCategoryCacheModel.HashField">
            <summary>
            HashField（CategoryID）
            </summary>
        </member>
        <member name="P:Td.Kylin.DataCache.CacheModel.ForumCategoryCacheModel.CategoryID">
            <summary>
            论坛分类ID
            </summary>
        </member>
        <member name="P:Td.Kylin.DataCache.CacheModel.ForumCategoryCacheModel.Name">
            <summary>
            论坛分类名称
            </summary>
        </member>
        <member name="P:Td.Kylin.DataCache.CacheModel.ForumCategoryCacheModel.OrderNo">
            <summary>
            论坛分类排序
            </summary>
        </member>
        <member name="P:Td.Kylin.DataCache.CacheModel.ForumCircleCacheModel.HashField">
            <summary>
            HashField（ForumID）
            </summary>
        </member>
        <member name="P:Td.Kylin.DataCache.CacheModel.ForumCircleCacheModel.ForumID">
            <summary>
            版面圈子ID
            </summary>
        </member>
        <member name="P:Td.Kylin.DataCache.CacheModel.ForumCircleCacheModel.CategoryID">
            <summary>
            论坛分类ID
            </summary>
        </member>
        <member name="P:Td.Kylin.DataCache.CacheModel.ForumCircleCacheModel.ForumName">
            <summary>
            论坛名称
            </summary>
        </member>
        <member name="P:Td.Kylin.DataCache.CacheModel.ForumCircleCacheModel.Logo">
            <summary>
            论坛图标
            </summary>
        </member>
        <member name="P:Td.Kylin.DataCache.CacheModel.ForumCircleCacheModel.Description">
            <summary>
            论坛介绍
            </summary>
        </member>
        <member name="P:Td.Kylin.DataCache.CacheModel.ForumCircleCacheModel.PostType">
            <summary>
            发帖类型2n次方
            </summary>
        </member>
        <member name="P:Td.Kylin.DataCache.CacheModel.ForumCircleCacheModel.PostLevel">
            <summary>
            发帖等级限制
            </summary>
        </member>
        <member name="P:Td.Kylin.DataCache.CacheModel.ForumCircleCacheModel.PassLevel">
            <summary>
            不需要审核等级限制
            </summary>
        </member>
        <member name="T:Td.Kylin.DataCache.CacheModel.JobCategoryCacheModel">
            <summary>
            职位类别缓存模型
            </summary>
        </member>
        <member name="P:Td.Kylin.DataCache.CacheModel.JobCategoryCacheModel.HashField">
            <summary>
            HashField（CategoryID）
            </summary>
        </member>
        <member name="P:Td.Kylin.DataCache.CacheModel.JobCategoryCacheModel.CategoryID">
            <summary>
            岗位分类ID
            </summary>
        </member>
        <member name="P:Td.Kylin.DataCache.CacheModel.JobCategoryCacheModel.Name">
            <summary>
            岗位名称
            </summary>
        </member>
        <member name="P:Td.Kylin.DataCache.CacheModel.JobCategoryCacheModel.ParentID">
            <summary>
            父ID
            </summary>
        </member>
        <member name="P:Td.Kylin.DataCache.CacheModel.JobCategoryCacheModel.OrderNo">
            <summary>
            排序
            </summary>
        </member>
        <member name="P:Td.Kylin.DataCache.CacheModel.JobCategoryCacheModel.TagStatus">
            <summary>
            标识状态集（热门）
            </summary>
        </member>
        <member name="P:Td.Kylin.DataCache.CacheModel.LegworkAreaConfigCacheModel.HashField">
            <summary>
            HashField（AreaID）
            </summary>
        </member>
        <member name="P:Td.Kylin.DataCache.CacheModel.LegworkAreaConfigCacheModel.AreaID">
            <summary>
            区域ID。
            </summary>
        </member>
        <member name="P:Td.Kylin.DataCache.CacheModel.LegworkAreaConfigCacheModel.Instructions">
            <summary>
            业务须知。
            </summary>
        </member>
        <member name="P:Td.Kylin.DataCache.CacheModel.LegworkAreaConfigCacheModel.OpenAreas">
            <summary>
            开通跑腿业务的行政区域。
            </summary>
        </member>
        <member name="P:Td.Kylin.DataCache.CacheModel.LegworkGlobalConfigCacheModel.HashField">
            <summary>
            HashField（GlobalConfigID）
            </summary>
        </member>
        <member name="P:Td.Kylin.DataCache.CacheModel.LegworkGlobalConfigCacheModel.GlobalConfigID">
            <summary>
            全局配置ID
            </summary>
        </member>
        <member name="P:Td.Kylin.DataCache.CacheModel.LegworkGlobalConfigCacheModel.QuotationWaitingTime">
            <summary>
            等待报价时间。
            </summary>
        </member>
        <member name="P:Td.Kylin.DataCache.CacheModel.LegworkGlobalConfigCacheModel.QuotationWaitingWorkers">
            <summary>
            等待报价人数。
            </summary>
        </member>
        <member name="P:Td.Kylin.DataCache.CacheModel.LegworkGlobalConfigCacheModel.QuotationWaitingTimeout">
            <summary>
            报价超时时间。
            </summary>
        </member>
        <member name="P:Td.Kylin.DataCache.CacheModel.LegworkGlobalConfigCacheModel.OrderTimeout">
            <summary>
            接单超时时间。
            </summary>
        </member>
        <member name="P:Td.Kylin.DataCache.CacheModel.LegworkGlobalConfigCacheModel.PaymentTimeout">
            <summary>
            支付超时时间。
            </summary>
        </member>
        <member name="P:Td.Kylin.DataCache.CacheModel.LegworkGlobalConfigCacheModel.AutoConfirmTime">
            <summary>
            自动确认收货时间。
            </summary>
        </member>
        <member name="P:Td.Kylin.DataCache.CacheModel.LegworkGoodsCategoryCacheModel.HashField">
            <summary>
            HashField（CategoryID）
            </summary>
        </member>
        <member name="P:Td.Kylin.DataCache.CacheModel.LegworkGoodsCategoryCacheModel.CategoryID">
            <summary>
            分类ID。
            </summary>
        </member>
        <member name="P:Td.Kylin.DataCache.CacheModel.LegworkGoodsCategoryCacheModel.Name">
            <summary>
            分类名称。
            </summary>
        </member>
        <member name="P:Td.Kylin.DataCache.CacheModel.LegworkGoodsCategoryCacheModel.SortOrder">
            <summary>
            排列顺序。
            </summary>
        </member>
        <member name="T:Td.Kylin.DataCache.CacheModel.MerchantIndustryCacheModel">
            <summary>
            商家行业缓存模型
            </summary>
        </member>
        <member name="P:Td.Kylin.DataCache.CacheModel.MerchantIndustryCacheModel.HashField">
            <summary>
            HashField（IndustryID）
            </summary>
        </member>
        <member name="P:Td.Kylin.DataCache.CacheModel.MerchantIndustryCacheModel.IndustryID">
            <summary>
            行业ID
            </summary>
        </member>
        <member name="P:Td.Kylin.DataCache.CacheModel.MerchantIndustryCacheModel.Name">
            <summary>
            行业名称
            </summary>
        </member>
        <member name="P:Td.Kylin.DataCache.CacheModel.MerchantIndustryCacheModel.ParentID">
            <summary>
            行业父级ID
            </summary>
        </member>
        <member name="P:Td.Kylin.DataCache.CacheModel.MerchantIndustryCacheModel.Layer">
            <summary>
            行业层级（如：1｜2）
            </summary>
        </member>
        <member name="P:Td.Kylin.DataCache.CacheModel.MerchantIndustryCacheModel.OrderNo">
            <summary>
            排序
            </summary>
        </member>
        <member name="P:Td.Kylin.DataCache.CacheModel.MerchantIndustryCacheModel.Icon">
            <summary>
            图标
            </summary>
        </member>
        <member name="T:Td.Kylin.DataCache.CacheModel.MerchantProductSystemCategoryCacheModel">
            <summary>
            商家商品系统分类缓存模型
            </summary>
        </member>
        <member name="P:Td.Kylin.DataCache.CacheModel.MerchantProductSystemCategoryCacheModel.HashField">
            <summary>
            HashField（CategoryID）
            </summary>
        </member>
        <member name="P:Td.Kylin.DataCache.CacheModel.MerchantProductSystemCategoryCacheModel.CategoryID">
            <summary>
            分类ID
            </summary>
        </member>
        <member name="P:Td.Kylin.DataCache.CacheModel.MerchantProductSystemCategoryCacheModel.Name">
            <summary>
            分类名称
            </summary>
        </member>
        <member name="P:Td.Kylin.DataCache.CacheModel.MerchantProductSystemCategoryCacheModel.ParentCategoryID">
            <summary>
            父级分类ID（顶级分类时为0）
            </summary>
        </member>
        <member name="P:Td.Kylin.DataCache.CacheModel.MerchantProductSystemCategoryCacheModel.CategoryPath">
            <summary>
            分类层级路径（如：1|2|3）
            </summary>
        </member>
        <member name="P:Td.Kylin.DataCache.CacheModel.MerchantProductSystemCategoryCacheModel.Icon">
            <summary>
            图标
            </summary>
        </member>
        <member name="P:Td.Kylin.DataCache.CacheModel.MerchantProductSystemCategoryCacheModel.OrderNo">
            <summary>
            排序值
            </summary>
        </member>
        <member name="T:Td.Kylin.DataCache.CacheModel.OpenAreaCacheModel">
            <summary>
            已开通区域缓存模型
            </summary>
        </member>
        <member name="P:Td.Kylin.DataCache.CacheModel.OpenAreaCacheModel.HashField">
            <summary>
            HashField（AreaID）
            </summary>
        </member>
        <member name="P:Td.Kylin.DataCache.CacheModel.OpenAreaCacheModel.AreaID">
            <summary>
            区域ID
            </summary>
        </member>
        <member name="P:Td.Kylin.DataCache.CacheModel.OpenAreaCacheModel.AreaName">
            <summary>
            地区名称
            </summary>
        </member>
        <member name="P:Td.Kylin.DataCache.CacheModel.OpenAreaCacheModel.CreateTime">
            <summary>
            创建时间
            </summary>
        </member>
        <member name="P:Td.Kylin.DataCache.CacheModel.OpenAreaCacheModel.Status">
            <summary>
            状态
            </summary>
        </member>
        <member name="T:Td.Kylin.DataCache.CacheModel.PlatformCommissionCacheModel">
            <summary>
            平台针对区域抽成配置缓存模型
            </summary>
        </member>
        <member name="P:Td.Kylin.DataCache.CacheModel.PlatformCommissionCacheModel.HashField">
            <summary>
            HashField（AreaID+CommissionItem）
            </summary>
        </member>
        <member name="P:Td.Kylin.DataCache.CacheModel.PlatformCommissionCacheModel.AreaID">
            <summary>
            区域ID
            </summary>
        </member>
        <member name="P:Td.Kylin.DataCache.CacheModel.PlatformCommissionCacheModel.CommissionItem">
            <summary>
            抽成项（如：B2C订单金额抽成|商家订单交易佣金抽成）
            </summary>
        </member>
        <member name="P:Td.Kylin.DataCache.CacheModel.PlatformCommissionCacheModel.CommissionType">
            <summary>
            抽成方式（如：按金额百分比|按固定金额）
            </summary>
        </member>
        <member name="P:Td.Kylin.DataCache.CacheModel.PlatformCommissionCacheModel.Value">
            <summary>
            抽成结果
            </summary>
        </member>
        <member name="T:Td.Kylin.DataCache.CacheModel.SystemAreaCacheModel">
            <summary>
            全国区域缓存模型
            </summary>
        </member>
        <member name="P:Td.Kylin.DataCache.CacheModel.SystemAreaCacheModel.HashField">
            <summary>
            HashField（AreaID）
            </summary>
        </member>
        <member name="P:Td.Kylin.DataCache.CacheModel.SystemAreaCacheModel.AreaID">
            <summary>
            区域ID
            </summary>
        </member>
        <member name="P:Td.Kylin.DataCache.CacheModel.SystemAreaCacheModel.AreaName">
            <summary>
            地区名称
            </summary>
        </member>
        <member name="P:Td.Kylin.DataCache.CacheModel.SystemAreaCacheModel.HasChild">
            <summary>
            是否下级
            </summary>
        </member>
        <member name="P:Td.Kylin.DataCache.CacheModel.SystemAreaCacheModel.Layer">
            <summary>
            区域路径（如：110000|110100|110101）
            </summary>
        </member>
        <member name="P:Td.Kylin.DataCache.CacheModel.SystemGolbalConfigCacheModel.HashField">
            <summary>
            HashField（由“ResourceType_ResourceKey”组成）
            </summary>
        </member>
        <member name="P:Td.Kylin.DataCache.CacheModel.SystemGolbalConfigCacheModel.ResourceType">
            <summary>
            资源类型（如：摇一摇配置｜时间配置｜消息模板配置｜短信模板配置｜默认区域抽成配置）
            </summary>
        </member>
        <member name="P:Td.Kylin.DataCache.CacheModel.SystemGolbalConfigCacheModel.ResourceKey">
            <summary>
            资源类型键（如：每日摇一摇次数｜B2C订单抽成｜注册时手机验证码）
            </summary>
        </member>
        <member name="P:Td.Kylin.DataCache.CacheModel.SystemGolbalConfigCacheModel.Name">
            <summary>
            资源名称
            </summary>
        </member>
        <member name="P:Td.Kylin.DataCache.CacheModel.SystemGolbalConfigCacheModel.Value">
            <summary>
            资源值
            </summary>
        </member>
        <member name="P:Td.Kylin.DataCache.CacheModel.SystemGolbalConfigCacheModel.ValueUnit">
            <summary>
            值单位描述（例如：时间配置时1表示年，抽成配置时1表示按金额百分比）
            </summary>
        </member>
        <member name="P:Td.Kylin.DataCache.CacheModel.UserEmpiricalConfigCacheModel.HashField">
            <summary>
            HashField（ActivityType）
            </summary>
        </member>
        <member name="P:Td.Kylin.DataCache.CacheModel.UserEmpiricalConfigCacheModel.ActivityType">
            <summary>
            业务活动类型（枚举：UserActivityType） 
            </summary>
        </member>
        <member name="P:Td.Kylin.DataCache.CacheModel.UserEmpiricalConfigCacheModel.Score">
            <summary>
            影响的经验值（注：扣除经验值时用“－”表示，如：-10）
            </summary>
        </member>
        <member name="P:Td.Kylin.DataCache.CacheModel.UserEmpiricalConfigCacheModel.MaxLimit">
            <summary>
            上限分值（注：为0时表示不限制，扣除经验值限制时用“－”表示，如：-10）
            </summary>
        </member>
        <member name="P:Td.Kylin.DataCache.CacheModel.UserEmpiricalConfigCacheModel.MaxUnit">
            <summary>
            上限单位（枚举：ScoreMaxLimitUnit）
            </summary>
        </member>
        <member name="P:Td.Kylin.DataCache.CacheModel.UserEmpiricalConfigCacheModel.Repeatable">
            <summary>
            是否可重复
            </summary>
        </member>
        <member name="P:Td.Kylin.DataCache.CacheModel.UserLevelConfigCacheModel.HashField">
            <summary>
            HashField（LevelID）
            </summary>
        </member>
        <member name="P:Td.Kylin.DataCache.CacheModel.UserLevelConfigCacheModel.LevelID">
            <summary>
            数据ID
            </summary>
        </member>
        <member name="P:Td.Kylin.DataCache.CacheModel.UserLevelConfigCacheModel.Name">
            <summary>
            等级名称
            </summary>
        </member>
        <member name="P:Td.Kylin.DataCache.CacheModel.UserLevelConfigCacheModel.Min">
            <summary>
            最小经验值
            </summary>
        </member>
        <member name="P:Td.Kylin.DataCache.CacheModel.UserLevelConfigCacheModel.Icon">
            <summary>
            图标
            </summary>
        </member>
        <member name="P:Td.Kylin.DataCache.CacheModel.UserPointsConfigCacheModel.HashField">
            <summary>
            HashField（ActivityType）
            </summary>
        </member>
        <member name="P:Td.Kylin.DataCache.CacheModel.UserPointsConfigCacheModel.ActivityType">
            <summary>
            业务活动类型（枚举：UserActivityType） 
            </summary>
        </member>
        <member name="P:Td.Kylin.DataCache.CacheModel.UserPointsConfigCacheModel.Score">
            <summary>
            影响的积分值（注：扣除积分时用“－”表示，如：-10）
            </summary>
        </member>
        <member name="P:Td.Kylin.DataCache.CacheModel.UserPointsConfigCacheModel.MaxLimit">
            <summary>
            上限分值（注：为0时表示不限制，扣除积分限制时用“－”表示，如：-10）
            </summary>
        </member>
        <member name="P:Td.Kylin.DataCache.CacheModel.UserPointsConfigCacheModel.MaxUnit">
            <summary>
            上限单位（枚举：ScoreMaxLimitUnit）
            </summary>
        </member>
        <member name="P:Td.Kylin.DataCache.CacheModel.UserPointsConfigCacheModel.Repeatable">
            <summary>
            是否可重复
            </summary>
        </member>
        <member name="P:Td.Kylin.DataCache.Context.DataContext.System_ModuleAuthorize">
            <summary>
            系统模块接口授权
            </summary>
        </member>
        <member name="P:Td.Kylin.DataCache.Context.DataContext.Mall_Category">
            <summary>
            商品分类
            </summary>
        </member>
        <member name="P:Td.Kylin.DataCache.Context.DataContext.Mall_CategoryTag">
            <summary>
            商品分类标签
            </summary>
        </member>
        <member name="P:Td.Kylin.DataCache.Context.DataContext.MerchantGoods_SystemCategory">
            <summary>
            商家商品系统分类
            </summary>
        </member>
        <member name="P:Td.Kylin.DataCache.Context.DataContext.Area_PlatformCommission">
            <summary>
            平台对区域抽成配置
            </summary>
        </member>
        <member name="P:Td.Kylin.DataCache.Context.DataContext.Commission_OperatorDefault">
            <summary>
            区域运营商默认抽成配置
            </summary>
        </member>
        <member name="P:Td.Kylin.DataCache.Context.DataContext.Commission_OperatorFromMerchant">
            <summary>
            区域运营商对商家抽成配置
            </summary>
        </member>
        <member name="P:Td.Kylin.DataCache.Context.DataContext.Commission_OperatorFromWorker">
            <summary>
            区域运营商对个人服务人员抽成配置
            </summary>
        </member>
        <member name="P:Td.Kylin.DataCache.Context.DataContext.Legwork_GlobalConfig">
            <summary>
            跑腿业务全局配置。
            </summary>
        </member>
        <member name="P:Td.Kylin.DataCache.Context.DataContext.Legwork_AreaConfig">
            <summary>
            跑腿业务区域配置。
            </summary>
        </member>
        <member name="P:Td.Kylin.DataCache.Context.DataContext.Legwork_GoodsCategory">
            <summary>
            跑腿业务物品分类。
            </summary>
        </member>
        <member name="T:Td.Kylin.DataCache.IServices.IAreaDefaultCommissionService">
            <summary>
            区域默认抽成配置
            </summary>
        </member>
        <member name="M:Td.Kylin.DataCache.IServices.IAreaDefaultCommissionService.GetAll">
            <summary>
            获取所有配置
            </summary>
            <returns></returns>
        </member>
        <member name="T:Td.Kylin.DataCache.IServices.IAreaForMerchantCommissionService">
            <summary>
            区域针对商家抽成配置服务接口
            </summary>
        </member>
        <member name="M:Td.Kylin.DataCache.IServices.IAreaForMerchantCommissionService.GetAll">
            <summary>
            获取所有配置
            </summary>
            <returns></returns>
        </member>
        <member name="T:Td.Kylin.DataCache.IServices.IAreaForPersonalWorkerCommissionService">
            <summary>
            区域针对个人工作人员抽成配置服务接口
            </summary>
        </member>
        <member name="M:Td.Kylin.DataCache.IServices.IAreaForPersonalWorkerCommissionService.GetAll">
            <summary>
            获取所有配置
            </summary>
            <returns></returns>
        </member>
        <member name="M:Td.Kylin.DataCache.IServices.IAreaForumService.GetEnabledAll">
            <summary>
            获取所有有效的区域圈子
            </summary>
            <returns></returns>
        </member>
        <member name="T:Td.Kylin.DataCache.IServices.IAreaRecommendIndustryService">
            <summary>
            区域行业推荐数据服务接口
            </summary>
        </member>
        <member name="M:Td.Kylin.DataCache.IServices.IAreaRecommendIndustryService.GetAll">
            <summary>
            获取所有区域推荐行业集合
            </summary>
            <returns></returns>
        </member>
        <member name="M:Td.Kylin.DataCache.IServices.IB2CProductCategoryTagService.GetAll">
            <summary>
            获取所有B2C商品分类标签
            </summary>
            <returns></returns>
        </member>
        <member name="T:Td.Kylin.DataCache.IServices.IBusinessService">
            <summary>
            上门预约服务业务数据服务接口
            </summary>
        </member>
        <member name="M:Td.Kylin.DataCache.IServices.IBusinessService.GetEnabledAll">
            <summary>
            获取所有有效上门预约服务业务数据集合
            </summary>
            <returns></returns>
        </member>
        <member name="M:Td.Kylin.DataCache.IServices.IForumCategoryService.GetEnabledAll">
            <summary>
            获取所有有效的圈子分类
            </summary>
            <returns></returns>
        </member>
        <member name="M:Td.Kylin.DataCache.IServices.IForumCircleService.GetEnabledAll">
            <summary>
            获取所有有效的圈子
            </summary>
            <returns></returns>
        </member>
        <member name="T:Td.Kylin.DataCache.IServices.IJobCategoryService">
            <summary>
            职位类别数据服务接口
            </summary>
        </member>
        <member name="M:Td.Kylin.DataCache.IServices.ILegworkAreaConfigService.GetAll">
            <summary>
            获取所有跑腿业务区域配置
            </summary>
            <returns></returns>
        </member>
        <member name="M:Td.Kylin.DataCache.IServices.ILegworkGlobalConfigService.GetAll">
            <summary>
            获取所有跑腿业务全局配置
            </summary>
            <returns></returns>
        </member>
        <member name="M:Td.Kylin.DataCache.IServices.ILegworkGoodsCategoryService.GetAll">
            <summary>
            获取所有跑腿业务物品类型
            </summary>
            <returns></returns>
        </member>
        <member name="T:Td.Kylin.DataCache.IServices.IMerchantIndustryService">
            <summary>
            商家行业数据服务接口
            </summary>
        </member>
        <member name="M:Td.Kylin.DataCache.IServices.IMerchantIndustryService.GetEnabledAll">
            <summary>
            获取所有有效的商家行业集合
            </summary>
            <returns></returns>
        </member>
        <member name="T:Td.Kylin.DataCache.IServices.IMerchantProductSystemCategoryService">
            <summary>
            商家商品系统分类数据服务接口
            </summary>
        </member>
        <member name="M:Td.Kylin.DataCache.IServices.IMerchantProductSystemCategoryService.GetEnabledAll">
            <summary>
            获取所有有效的分类集合
            </summary>
            <returns></returns>
        </member>
        <member name="M:Td.Kylin.DataCache.IServices.IModuleAuthorizeService.GetAll">
            <summary>
            获取所有模块授权
            </summary>
            <returns></returns>
        </member>
        <member name="T:Td.Kylin.DataCache.IServices.IOpenAreaService">
            <summary>
            开通区域数据服务接口
            </summary>
        </member>
        <member name="M:Td.Kylin.DataCache.IServices.IOpenAreaService.GetAll">
            <summary>
            获取所有开通区域
            </summary>
            <returns></returns>
        </member>
        <member name="T:Td.Kylin.DataCache.IServices.IPlatformCommissionService">
            <summary>
            平台针对区域抽成服务接口
            </summary>
        </member>
        <member name="M:Td.Kylin.DataCache.IServices.IPlatformCommissionService.GetAll">
            <summary>
            获取所有配置
            </summary>
            <returns></returns>
        </member>
        <member name="T:Td.Kylin.DataCache.IServices.ISystemAreaService">
            <summary>
            区域数据服务接口
            </summary>
        </member>
        <member name="M:Td.Kylin.DataCache.IServices.ISystemAreaService.GetAll">
            <summary>
            获取所有区域
            </summary>
            <returns></returns>
        </member>
        <member name="M:Td.Kylin.DataCache.IServices.IUserLevelConfigService.GetEnabledAll">
            <summary>
            获取所有有效的用户等级配置
            </summary>
            <returns></returns>
        </member>
        <member name="M:Td.Kylin.DataCache.Provider.ApiModuleAuthorizeCache.Get(System.String,System.String)">
            <summary>
            获取缓存
            </summary>
            <param name="serverID">接口服务ID</param>
            <param name="moduleID">模块ID</param>
            <returns></returns>
        </member>
        <member name="T:Td.Kylin.DataCache.Provider.AreaDefaultCommissionCache">
            <summary>
            区域默认抽成配置缓存
            </summary>
        </member>
        <member name="M:Td.Kylin.DataCache.Provider.AreaDefaultCommissionCache.Get(System.Int32,System.Int32)">
            <summary>
            获取缓存
            </summary>
            <param name="areaID">区域ID</param>
            <param name="commissionItem">抽成项（枚举：AreaDefaultCommissionOption，如：商家商品订单抽成|商家上门预约订单抽成）</param>
            <returns></returns>
        </member>
        <member name="T:Td.Kylin.DataCache.Provider.AreaForMerchantCommissionCache">
            <summary>
            区域针对商家抽成配置缓存
            </summary>
        </member>
        <member name="M:Td.Kylin.DataCache.Provider.AreaForMerchantCommissionCache.Get(System.Int32,System.Int64,System.Int32)">
            <summary>
            获取
            </summary>
            <param name="areaID">区域ID</param>
            <param name="merchantID">商家ID</param>
            <param name="commissionItem">抽成项（枚举：AreaMerchantCommissionOption，如：商家商品订单抽成|商家上门预约订单抽成）</param>
            <returns></returns>
        </member>
        <member name="T:Td.Kylin.DataCache.Provider.AreaForPersonalWorkerCommissionCache">
            <summary>
            区域针对个人服务人员抽成配置缓存
            </summary>
        </member>
        <member name="M:Td.Kylin.DataCache.Provider.AreaForPersonalWorkerCommissionCache.Get(System.Int32,System.Int64,System.Int32)">
            <summary>
            获取缓存
            </summary>
            <param name="areaID">区域ID</param>
            <param name="userID">用户ID</param>
            <param name="commissionItem">抽成项（枚举：AreaWorkerCommissionOption，如：上门预约订单抽成）</param>
            <returns></returns>
        </member>
        <member name="T:Td.Kylin.DataCache.Provider.AreaForumCache">
            <summary>
            区域圈子缓存
            </summary>
        </member>
        <member name="M:Td.Kylin.DataCache.Provider.AreaForumCache.Get(System.Int64)">
            <summary>
            获取缓存
            </summary>
            <param name="areaForumID">区域圈子ID</param>
            <returns></returns>
        </member>
        <member name="T:Td.Kylin.DataCache.Provider.AreaRecommendIndustryCache">
            <summary>
            区域行业推荐缓存
            </summary>
        </member>
        <member name="M:Td.Kylin.DataCache.Provider.AreaRecommendIndustryCache.Get(System.Int32,System.Int64)">
            <summary>
            获取缓存
            </summary>
            <param name="areaID">区域ID</param>
            <param name="industryID">行业ID</param>
            <returns></returns>
        </member>
        <member name="T:Td.Kylin.DataCache.Provider.B2CProductCategoryCache">
            <summary>
            B2C商品分类缓存
            </summary>
        </member>
        <member name="M:Td.Kylin.DataCache.Provider.B2CProductCategoryCache.Get(System.Int64)">
            <summary>
            获取缓存
            </summary>
            <param name="categoryID">商品分类ID</param>
            <returns></returns>
        </member>
        <member name="T:Td.Kylin.DataCache.Provider.B2CProductCategoryTagCache">
            <summary>
            B2C商品分类标签缓存
            </summary>
        </member>
        <member name="M:Td.Kylin.DataCache.Provider.B2CProductCategoryTagCache.Get(System.Int64)">
            <summary>
            获取缓存
            </summary>
            <param name="tagID">标签ID</param>
            <returns></returns>
        </member>
        <member name="T:Td.Kylin.DataCache.Provider.BusinessServiceCache">
            <summary>
            上门预约业务缓存
            </summary>
        </member>
        <member name="M:Td.Kylin.DataCache.Provider.BusinessServiceCache.Get(System.Int64)">
            <summary>
            获取缓存
            </summary>
            <param name="businessID">业务ID</param>
            <returns></returns>
        </member>
        <member name="T:Td.Kylin.DataCache.Provider.CacheItem`1">
            <summary>
            缓存抽象类
            </summary>
            <typeparam name="T"></typeparam>
        </member>
        <member name="F:Td.Kylin.DataCache.Provider.CacheItem`1._config">
            <summary>
            Redis缓存配置信息
            </summary>
        </member>
        <member name="M:Td.Kylin.DataCache.Provider.CacheItem`1.#ctor(Td.Kylin.DataCache.CacheItemType)">
            <summary>
            实例化
            </summary>
            <param name="itemType"></param>
        </member>
        <member name="M:Td.Kylin.DataCache.Provider.CacheItem`1.#ctor(System.String)">
            <summary>
            实例化
            </summary>
            <param name="cacheKey"></param>
        </member>
        <member name="P:Td.Kylin.DataCache.Provider.CacheItem`1.ItemType">
            <summary>
            缓存项类型
            </summary>
        </member>
        <member name="P:Td.Kylin.DataCache.Provider.CacheItem`1.CacheKey">
            <summary>
            缓存Key
            </summary>
        </member>
        <member name="P:Td.Kylin.DataCache.Provider.CacheItem`1.Level">
            <summary>
            缓存级别
            </summary>
        </member>
        <member name="P:Td.Kylin.DataCache.Provider.CacheItem`1.RedisDB">
            <summary>
            当前缓存操作的Redis数据库
            </summary>
        </member>
        <member name="F:Td.Kylin.DataCache.Provider.CacheItem`1._updateLock">
            <summary>
            更新锁
            </summary>
        </member>
        <member name="F:Td.Kylin.DataCache.Provider.CacheItem`1._updating">
            <summary>
            是否正在更新
            </summary>
        </member>
        <member name="F:Td.Kylin.DataCache.Provider.CacheItem`1._tempData">
            <summary>
            一般在更新时使用
            </summary>
        </member>
        <member name="M:Td.Kylin.DataCache.Provider.CacheItem`1.Value">
            <summary>
            获取缓存数据
            </summary>
        </member>
        <member name="M:Td.Kylin.DataCache.Provider.CacheItem`1.GetCache">
            <summary>
            获取缓存
            </summary>
            <returns></returns>
        </member>
        <member name="M:Td.Kylin.DataCache.Provider.CacheItem`1.SetCache(System.Collections.Generic.List{`0})">
            <summary>
            设置缓存
            </summary>
        </member>
        <member name="M:Td.Kylin.DataCache.Provider.CacheItem`1.Update">
            <summary>
            更新缓存（从数据库中读取缓存元数据，并记录最后更新缓存的时间）
            </summary>
        </member>
        <member name="M:Td.Kylin.DataCache.Provider.CacheItem`1.ReadDataFromDB">
            <summary>
            从数据库中读取元数据
            </summary>
            <returns></returns>
        </member>
        <member name="M:Td.Kylin.DataCache.Provider.CacheItem`1.Update(`0)">
            <summary>
            更新缓存
            </summary>
            <param name="entity"></param>
        </member>
        <member name="M:Td.Kylin.DataCache.Provider.CacheItem`1.Add(`0)">
            <summary>
            添加缓存 
            </summary>
            <param name="entity"></param>
        </member>
        <member name="M:Td.Kylin.DataCache.Provider.CacheItem`1.Delete(`0)">
            <summary>
            删除缓存
            </summary>
            <param name="entity"></param>
        </member>
        <member name="M:Td.Kylin.DataCache.Provider.CacheItem`1.Get(System.String)">
            <summary>
            获取指定字段的数据项
            </summary>
            <param name="hashField"></param>
            <returns></returns>
        </member>
        <member name="M:Td.Kylin.DataCache.Provider.CacheItem`1.Get(System.String[],System.Boolean)">
            <summary>
            获取指定字段集的数据项集合
            </summary>
            <param name="hashFields"></param>
            <returns></returns>
        </member>
        <member name="M:Td.Kylin.DataCache.Provider.CacheItem`1.ResetLevel(Td.Kylin.DataCache.CacheLevel)">
            <summary>
            重置缓存级别
            </summary>
            <param name="level"></param>
        </member>
        <member name="M:Td.Kylin.DataCache.Provider.CacheItem`1.GetCacheData">
            <summary>
            获取缓存数据
            </summary>
            <returns></returns>
        </member>
        <member name="T:Td.Kylin.DataCache.Provider.ForumCategoryCache">
            <summary>
            圈子分类缓存
            </summary>
        </member>
        <member name="M:Td.Kylin.DataCache.Provider.ForumCategoryCache.Get(System.Int64)">
            <summary>
            获取缓存
            </summary>
            <param name="categoryID">圈子分类ID</param>
            <returns></returns>
        </member>
        <member name="T:Td.Kylin.DataCache.Provider.ForumCircleCache">
            <summary>
            系统圈子缓存
            </summary>
        </member>
        <member name="M:Td.Kylin.DataCache.Provider.ForumCircleCache.Get(System.Int64)">
            <summary>
            获取缓存
            </summary>
            <param name="forumID">圈子ID</param>
            <returns></returns>
        </member>
        <member name="T:Td.Kylin.DataCache.Provider.ICache">
            <summary>
            缓存接口
            </summary>
        </member>
        <member name="P:Td.Kylin.DataCache.Provider.ICache.ItemType">
            <summary>
            缓存项类型
            </summary>
        </member>
        <member name="P:Td.Kylin.DataCache.Provider.ICache.Level">
            <summary>
            缓存名称
            </summary>
        </member>
        <member name="P:Td.Kylin.DataCache.Provider.ICache.CacheKey">
            <summary>
            缓存的Key
            </summary>
        </member>
        <member name="M:Td.Kylin.DataCache.Provider.ICache.Update">
            <summary>
            更新缓存
            </summary>
        </member>
        <member name="M:Td.Kylin.DataCache.Provider.ICache.ResetLevel(Td.Kylin.DataCache.CacheLevel)">
            <summary>
            重置缓存级别
            </summary>
            <param name="level"></param>
        </member>
        <member name="M:Td.Kylin.DataCache.Provider.ICache.GetCacheData">
            <summary>
            获取缓存原数据
            </summary>
        </member>
        <member name="T:Td.Kylin.DataCache.Provider.JobCategoryCache">
            <summary>
            职位类别缓存
            </summary>
        </member>
        <member name="M:Td.Kylin.DataCache.Provider.JobCategoryCache.Get(System.Int64)">
            <summary>
            获取缓存
            </summary>
            <param name="categoryID">分类ID</param>
            <returns></returns>
        </member>
        <member name="M:Td.Kylin.DataCache.Provider.LegworkAreaConfigCache.Get(System.Int32)">
            <summary>
            获取缓存
            </summary>
            <param name="areaID">区域ID</param>
            <returns></returns>
        </member>
        <member name="T:Td.Kylin.DataCache.Provider.LegworkGlobalConfigCache">
            <summary>
            跑腿业务全局配置缓存
            </summary>
        </member>
        <member name="M:Td.Kylin.DataCache.Provider.LegworkGlobalConfigCache.Get(System.Int64)">
            <summary>
            获取缓存
            </summary>
            <param name="globalConfigID">配置ID</param>
            <returns></returns>
        </member>
        <member name="T:Td.Kylin.DataCache.Provider.LegworkGoodsCategoryCache">
            <summary>
            跑腿业务物品类型缓存
            </summary>
        </member>
        <member name="M:Td.Kylin.DataCache.Provider.LegworkGoodsCategoryCache.Get(System.Int64)">
            <summary>
            获取缓存
            </summary>
            <param name="categoryID">分类ID</param>
            <returns></returns>
        </member>
        <member name="T:Td.Kylin.DataCache.Provider.MerchantIndustryCache">
            <summary>
            商家行业缓存
            </summary>
        </member>
        <member name="M:Td.Kylin.DataCache.Provider.MerchantIndustryCache.Get(System.Int64)">
            <summary>
            获取缓存
            </summary>
            <param name="industryID">行业ID</param>
            <returns></returns>
        </member>
        <member name="T:Td.Kylin.DataCache.Provider.MerchantProductSystemCategoryCache">
            <summary>
            商家商品系统分类缓存
            </summary>
        </member>
        <member name="M:Td.Kylin.DataCache.Provider.MerchantProductSystemCategoryCache.Get(System.Int64)">
            <summary>
            获取缓存
            </summary>
            <param name="categoryID">商品分类ID</param>
            <returns></returns>
        </member>
        <member name="T:Td.Kylin.DataCache.Provider.OpenAreaCache">
            <summary>
            开通区域数据缓存
            </summary>
        </member>
        <member name="M:Td.Kylin.DataCache.Provider.OpenAreaCache.Get(System.Int32)">
            <summary>
            获取缓存
            </summary>
            <param name="areaID">区域ID</param>
            <returns></returns>
        </member>
        <member name="T:Td.Kylin.DataCache.Provider.PlatformCommissionCache">
            <summary>
            平台针对区域抽成缓存
            </summary>
        </member>
        <member name="M:Td.Kylin.DataCache.Provider.PlatformCommissionCache.Get(System.Int32,System.Int32)">
            <summary>
            获取缓存
            </summary>
            <param name="areaID">区域ID</param>
            <param name="commissionItem">抽成项（如：B2C订单金额抽成|商家订单交易佣金抽成）</param>
            <returns></returns>
        </member>
        <member name="T:Td.Kylin.DataCache.Provider.SystemAreaCache">
            <summary>
            系统区域缓存
            </summary>
        </member>
        <member name="M:Td.Kylin.DataCache.Provider.SystemAreaCache.Get(System.Int32)">
            <summary>
            获取缓存
            </summary>
            <param name="areaID">区域ID</param>
            <returns></returns>
        </member>
        <member name="T:Td.Kylin.DataCache.Provider.SystemGolbalConfigCache">
            <summary>
            全局配置缓存
            </summary>
        </member>
        <member name="M:Td.Kylin.DataCache.Provider.SystemGolbalConfigCache.Get(System.Int32,System.Int32)">
            <summary>
            获取缓存
            </summary>
            <param name="resourceType">资源类型</param>
            <param name="resourceKey">资源类型子项</param>
            <returns></returns>
        </member>
        <member name="T:Td.Kylin.DataCache.Provider.UserEmpiricalConfigCache">
            <summary>
            用户经验值规则配置缓存
            </summary>
        </member>
        <member name="M:Td.Kylin.DataCache.Provider.UserEmpiricalConfigCache.Get(System.Int32)">
            <summary>
            获取缓存
            </summary>
            <param name="activityType">用户业务活动类型</param>
            <returns></returns>
        </member>
        <member name="T:Td.Kylin.DataCache.Provider.UserLevelConfigCache">
            <summary>
            用户等级规则配置缓存
            </summary>
        </member>
        <member name="M:Td.Kylin.DataCache.Provider.UserLevelConfigCache.Get(System.Int64)">
            <summary>
            获取缓存
            </summary>
            <param name="levelID">等级ID</param>
            <returns></returns>
        </member>
        <member name="T:Td.Kylin.DataCache.Provider.UserPointsConfigCache">
            <summary>
            用户积分规则配置缓存
            </summary>
        </member>
        <member name="M:Td.Kylin.DataCache.Provider.UserPointsConfigCache.Get(System.Int32)">
            <summary>
            获取缓存
            </summary>
            <param name="activityType">用户业务活动类型</param>
            <returns></returns>
        </member>
        <member name="T:Td.Kylin.DataCache.CacheConfig">
            <summary>
            缓存项配置
            </summary>
        </member>
        <member name="P:Td.Kylin.DataCache.CacheConfig.ItemType">
            <summary>
            缓存项类型
            </summary>
        </member>
        <member name="P:Td.Kylin.DataCache.CacheConfig.RedisKey">
            <summary>
            Redis存储Key
            </summary>
        </member>
        <member name="P:Td.Kylin.DataCache.CacheConfig.RedisDbIndex">
            <summary>
            Redis的数据库序号
            </summary>
        </member>
        <member name="P:Td.Kylin.DataCache.CacheConfig.SaveType">
            <summary>
            Redis中存储类型
            </summary>
        </member>
        <member name="P:Td.Kylin.DataCache.CacheConfig.Level">
            <summary>
            缓存级别
            </summary>
        </member>
        <member name="T:Td.Kylin.DataCache.CacheItemType">
            <summary>
            缓存项类型
            </summary>
        </member>
        <member name="F:Td.Kylin.DataCache.CacheItemType.ApiModuleAuthorize">
            <summary>
            模块授权
            </summary>
        </member>
        <member name="F:Td.Kylin.DataCache.CacheItemType.SystemArea">
            <summary>
            系统区域
            </summary>
        </member>
        <member name="F:Td.Kylin.DataCache.CacheItemType.OpenArea">
            <summary>
            开通区域
            </summary>
        </member>
        <member name="F:Td.Kylin.DataCache.CacheItemType.MerchantIndustry">
            <summary>
            商家行业
            </summary>
        </member>
        <member name="F:Td.Kylin.DataCache.CacheItemType.AreaRecommendIndustry">
            <summary>
            区域行业推荐
            </summary>
        </member>
        <member name="F:Td.Kylin.DataCache.CacheItemType.BusinessServices">
            <summary>
            上门预约业务
            </summary>
        </member>
        <member name="F:Td.Kylin.DataCache.CacheItemType.MerchantProductSystemCategory">
            <summary>
            商家商品系统分类
            </summary>
        </member>
        <member name="F:Td.Kylin.DataCache.CacheItemType.B2CProductCategory">
            <summary>
            B2C区域商品分类
            </summary>
        </member>
        <member name="F:Td.Kylin.DataCache.CacheItemType.B2CProductCategoryTags">
            <summary>
            B2C区域商品分类标签
            </summary>
        </member>
        <member name="F:Td.Kylin.DataCache.CacheItemType.SystemGolbalConfig">
            <summary>
            系统全局配置
            </summary>
        </member>
        <member name="F:Td.Kylin.DataCache.CacheItemType.UserPointsConfig">
            <summary>
            用户积分规则配置
            </summary>
        </member>
        <member name="F:Td.Kylin.DataCache.CacheItemType.UserEmpiricalConfig">
            <summary>
            用户经验值规则配置
            </summary>
        </member>
        <member name="F:Td.Kylin.DataCache.CacheItemType.UserLevelConfig">
            <summary>
            用户等级规则配置
            </summary>
        </member>
        <member name="F:Td.Kylin.DataCache.CacheItemType.ForumCategory">
            <summary>
            社区圈子分类
            </summary>
        </member>
        <member name="F:Td.Kylin.DataCache.CacheItemType.ForumCircle">
            <summary>
            圈子
            </summary>
        </member>
        <member name="F:Td.Kylin.DataCache.CacheItemType.AreaForum">
            <summary>
            区域圈子
            </summary>
        </member>
        <member name="F:Td.Kylin.DataCache.CacheItemType.JobCategory">
            <summary>
            职位类别
            </summary>
        </member>
        <member name="F:Td.Kylin.DataCache.CacheItemType.PlatformCommission">
            <summary>
            平台针对区域抽成配置
            </summary>
        </member>
        <member name="F:Td.Kylin.DataCache.CacheItemType.AreaForMerchantCommission">
            <summary>
            区域针对商家抽成配置
            </summary>
        </member>
        <member name="F:Td.Kylin.DataCache.CacheItemType.AreaForPersonalWorkerCommission">
            <summary>
            区域针对个人服务人员抽成配置
            </summary>
        </member>
        <member name="F:Td.Kylin.DataCache.CacheItemType.AreaDefaultCommission">
            <summary>
            区域默认抽成配置
            </summary>
        </member>
        <member name="F:Td.Kylin.DataCache.CacheItemType.LegworkGoodsCategory">
            <summary>
            跑退业务物品类型
            </summary>
        </member>
        <member name="F:Td.Kylin.DataCache.CacheItemType.LegworkGlobalConfig">
            <summary>
            跑退业务全局配置
            </summary>
        </member>
        <member name="F:Td.Kylin.DataCache.CacheItemType.LegworkAreaConfig">
            <summary>
            跑腿业务区域配置
            </summary>
        </member>
        <member name="T:Td.Kylin.DataCache.CacheLevel">
            <summary>
            缓存级别
            </summary>
        </member>
        <member name="F:Td.Kylin.DataCache.CacheLevel.Permanent">
            <summary>
            持久
            </summary>
        </member>
        <member name="F:Td.Kylin.DataCache.CacheLevel.Hight">
            <summary>
            高
            </summary>
        </member>
        <member name="F:Td.Kylin.DataCache.CacheLevel.Middel">
            <summary>
            中
            </summary>
        </member>
        <member name="F:Td.Kylin.DataCache.CacheLevel.Lower">
            <summary>
            低
            </summary>
        </member>
        <member name="T:Td.Kylin.DataCache.RedisConfig.RedisConfigurationRoot">
            <summary>
            缓存配置
            </summary>
        </member>
        <member name="F:Td.Kylin.DataCache.RedisConfig.RedisConfigurationRoot._collections">
            <summary>
            缓存配置集合
            </summary>
        </member>
        <member name="F:Td.Kylin.DataCache.RedisConfig.RedisConfigurationRoot.mylock">
            <summary>
            锁对象 
            </summary>
        </member>
        <member name="P:Td.Kylin.DataCache.RedisConfig.RedisConfigurationRoot.Collections">
            <summary>
            缓存配置项集合
            </summary>
        </member>
        <member name="M:Td.Kylin.DataCache.RedisConfig.RedisConfigurationRoot.Add(Td.Kylin.DataCache.CacheItemType,System.Int32,Td.Kylin.DataCache.RedisSaveType,Td.Kylin.DataCache.CacheLevel)">
            <summary>
            获取/设置Redis缓存配置（Redis中的Key为对应itemType的枚举名称）
            </summary>
            <param name="itemType"></param>
            <param name="redisDbIndex"></param>
            <param name="saveType"></param>
            <param name="level"></param>
            <returns></returns>
        </member>
        <member name="M:Td.Kylin.DataCache.RedisConfig.RedisConfigurationRoot.Add(Td.Kylin.DataCache.CacheItemType,System.String,System.Int32,Td.Kylin.DataCache.RedisSaveType,Td.Kylin.DataCache.CacheLevel)">
            <summary>
            获取/设置Redis缓存配置
            </summary>
            <param name="itemType"></param>
            <param name="redisKey"></param>
            <param name="redisDbIndex"></param>
            <param name="saveType"></param>
            <param name="level"></param>
            <returns></returns>
        </member>
        <member name="P:Td.Kylin.DataCache.RedisConfig.RedisConfigurationRoot.Types">
            <summary>
            缓存项类型集合
            </summary>
        </member>
        <member name="P:Td.Kylin.DataCache.RedisConfig.RedisConfigurationRoot.Keys">
            <summary>
            缓存项Key集合
            </summary>
        </member>
        <member name="P:Td.Kylin.DataCache.RedisConfig.RedisConfigurationRoot.Item(Td.Kylin.DataCache.CacheItemType)">
            <summary>
            定义索引器
            </summary>
            <param name="type">缓存项类型</param>
            <returns></returns>
        </member>
        <member name="P:Td.Kylin.DataCache.RedisConfig.RedisConfigurationRoot.Item(System.String)">
            <summary>
            定义索引器
            </summary>
            <param name="redisKey">Redis缓存中的Key</param>
            <returns></returns>
        </member>
        <member name="T:Td.Kylin.DataCache.RedisSaveType">
            <summary>
            缓存数据存储类型
            </summary>
        </member>
        <member name="F:Td.Kylin.DataCache.RedisSaveType.Text">
            <summary>
            文本
            </summary>
        </member>
        <member name="F:Td.Kylin.DataCache.RedisSaveType.HashSet">
            <summary>
            HashSet
            </summary>
        </member>
        <member name="T:Td.Kylin.DataCache.Services.AreaDefaultCommissionService`1">
            <summary>
            区域默认抽成数据服务
            </summary>
            <typeparam name="DbContext"></typeparam>
        </member>
        <member name="T:Td.Kylin.DataCache.Services.AreaForMerchantCommissionService`1">
            <summary>
            区域针对商家抽成配置服务
            </summary>
            <typeparam name="DbContext"></typeparam>
        </member>
        <member name="T:Td.Kylin.DataCache.Services.AreaForPersonalWorkerCommissionService`1">
            <summary>
            区域针对个人工作人员抽成配置服务
            </summary>
            <typeparam name="DbContext"></typeparam>
        </member>
        <member name="T:Td.Kylin.DataCache.Services.AreaForumService`1">
            <summary>
            区域圈子数据服务
            </summary>
            <typeparam name="DbContext"></typeparam>
        </member>
        <member name="T:Td.Kylin.DataCache.Services.AreaRecommendIndustryService`1">
            <summary>
            区域行业推荐数据服务
            </summary>
            <typeparam name="DbContext"></typeparam>
        </member>
        <member name="M:Td.Kylin.DataCache.Services.AreaRecommendIndustryService`1.GetAll">
            <summary>
            获取所有区域推荐行业集合
            </summary>
            <returns></returns>
        </member>
        <member name="T:Td.Kylin.DataCache.Services.B2CProductCategoryService`1">
            <summary>
            精品汇商品分类数据服务
            </summary>
            <typeparam name="DbContext"></typeparam>
        </member>
        <member name="T:Td.Kylin.DataCache.Services.B2CProductCategoryTagService`1">
            <summary>
            精品汇商品分类标签数据服务
            </summary>
            <typeparam name="DbContext"></typeparam>
        </member>
        <member name="T:Td.Kylin.DataCache.Services.BusinessService`1">
            <summary>
            上门预约服务业务数据服务
            </summary>
            <typeparam name="DbContext"></typeparam>
        </member>
        <member name="M:Td.Kylin.DataCache.Services.BusinessService`1.GetEnabledAll">
            <summary>
            获取所有有效上门预约服务业务数据集合
            </summary>
            <returns></returns>
        </member>
        <member name="T:Td.Kylin.DataCache.Services.ForumCategoryService`1">
            <summary>
            圈子分类数据服务
            </summary>
            <typeparam name="DbContext"></typeparam>
        </member>
        <member name="T:Td.Kylin.DataCache.Services.ForumCircleService`1">
            <summary>
            系统圈子数据服务
            </summary>
            <typeparam name="DbContext"></typeparam>
        </member>
        <member name="T:Td.Kylin.DataCache.Services.JobCategoryService`1">
            <summary>
            职位类别数据服务
            </summary>
            <typeparam name="DbContext"></typeparam>
        </member>
        <member name="T:Td.Kylin.DataCache.Services.MerchantIndustryService`1">
            <summary>
            商家行业数据服务
            </summary>
            <typeparam name="DbContext"></typeparam>
        </member>
        <member name="M:Td.Kylin.DataCache.Services.MerchantIndustryService`1.GetEnabledAll">
            <summary>
            获取所有有效的商家行业集合
            </summary>
            <returns></returns>
        </member>
        <member name="T:Td.Kylin.DataCache.Services.MerchantProductSystemCategoryService`1">
            <summary>
            商家商品系统分类数据服务s
            </summary>
            <typeparam name="DbContext"></typeparam>
        </member>
        <member name="T:Td.Kylin.DataCache.Services.OpenAreaService`1">
            <summary>
            开通区域数据服务
            </summary>
            <typeparam name="DbContext"></typeparam>
        </member>
        <member name="M:Td.Kylin.DataCache.Services.OpenAreaService`1.GetAll">
            <summary>
            获取所有开通区域
            </summary>
            <returns></returns>
        </member>
        <member name="T:Td.Kylin.DataCache.Services.PlatformCommissionService`1">
            <summary>
            平台针对区域抽成服务
            </summary>
            <typeparam name="DbContext"></typeparam>
        </member>
        <member name="M:Td.Kylin.DataCache.Services.PlatformCommissionService`1.GetAll">
            <summary>
            获取所有配置
            </summary>
            <returns></returns>
        </member>
        <member name="T:Td.Kylin.DataCache.Services.SystemAreaService`1">
            <summary>
            区域数据服务
            </summary>
            <typeparam name="DbContext"></typeparam>
        </member>
        <member name="T:Td.Kylin.DataCache.Services.SystemGolbalConfigService`1">
            <summary>
            系统全局配置数据服务
            </summary>
            <typeparam name="DbContext"></typeparam>
        </member>
        <member name="T:Td.Kylin.DataCache.Services.UserEmpiricalConfigService`1">
            <summary>
            用户经验值规则配置数据服务
            </summary>
            <typeparam name="DbContext"></typeparam>
        </member>
        <member name="T:Td.Kylin.DataCache.Services.UserLevelConfigService`1">
            <summary>
            用户等级规则配置数据服务
            </summary>
            <typeparam name="DbContext"></typeparam>
        </member>
        <member name="M:Td.Kylin.DataCache.Services.UserLevelConfigService`1.GetEnabledAll">
            <summary>
            获取所有有效的用户等级配置
            </summary>
            <returns></returns>
        </member>
        <member name="T:Td.Kylin.DataCache.Services.UserPointsConfigService`1">
            <summary>
            用户积分规则配置数据服务
            </summary>
            <typeparam name="DbContext"></typeparam>
        </member>
    </members>
</doc>
